10601807
10613939
10618329
10618330
10624990
10631230
10634522
10636153
10636154
10636279
10636977
10639523
10641603
10641613
10644795
10647522
10648373
10648442
10650231
10651668
10653831
10655159
10657434
10658436
10658984
10659008
10663290
10663466
10663515
10663916
10665270
10665943
10666750
10666765
10668693
10668697
10670080
10670909
10671904
10672428
10674050
10674692
10674845
10675134
10675171
10680565
10682032
10683352
10684329
10684912
10687015
10693207
10693262
10695395
10695575
10695844
10696220
10696926
10697455
10699647
10700702
10700973
10700977
10700987
10701001
10701013
10701046
10701232
10701332
10701542
10701789
10705896
10706051
10706054
10706062
10707687
10707761
10708202
10708222
10709721
10713011
10713472
10715417
10715430
10715976
10715978
10717398
10717884
10718234
10718245
10720620
10720976
10721397
10721525
10723184
10723630
10723753
10724755
10727653
10727906
10727908
10728950
10729953
10730449
10730735
10731288
10731828
10731855
10734258
10735907
10739225
10739426
10739812
10740563
10741315
10741319
10742825
10743594
10745630
10746411
10750135
10750637
10750643
10750939
10751119
10751264
10752821
10752911
10754649
10754650
10754673
10755574
10756671
10756961
10758692
10758936
10760339
10760344
10761477
10761649
10761672
10761808
10761973
10763213
10764260
10766697
10767707
10768910
10769463
10769597
10769798
10770035
10774072
10774170
10774295
10774959
10775545
10775820
10780054
10780203
10780681
10781166
10781294
10781463
10782239
10782244
10784020
10784303
10784544
10786328
10787303
10788171
10789108
10789996
10791250
10792567
10793431
10793435
10793440
10793446
10793535
10794321
10794567
10797044
10797717
10797734
10798580
10799622
10800238
10800797
10801003
10801999
10802000
10802016
10802022
10802426
10804330
10806009
10806018
10806894
10806903
10807241
10807449
10807989
10808065
10809335
10809898
10810857
10810858
10812151
10814634
10815674
10815840
10816181
10816801
10816841
10817784
10821024
10823336
10824500
10826910
10827383
10830090
10830193
10830429
10830690
10830707
10830711
10831738
10831960
10832126
10832265
10832271
10832449
10832834
10832859
10832860
10832861
10833058
10833545
10833703
10833830
10834180
10834462
10834711
10834726
10834733
10835472
10835932
10836111
10836866
10838836
10840400
10840460
10841127
10844499
10844887
10846407
10846871
10846874
10846892
10846903
10847729
10850115
10852585
10852589
10852603
10853214
10855082
10856570
10858421
10858852
10859413
10859414
10859772
10859795
10859833
10860406
10862260
10862667
10863118
10864060
10866333
10866725
10867093
10868002
10868121
10868731
10868785
10869046
10872134
10872146
10874179
10876004
10877718
10878195
10878197
10878441
10879391
10880810
10881531
10882769
10883094
10883115
10883879
10884724
10886316
10887887
10888107
10889956
10890607
10891628
10891998
10892253
10892265
10893405
10893745
10894130
10894317
10895759
10895766
10895771
10895772
10896635
10897363
10898430
10898432
10899092
10900947
10901211
10902040
10903606
10903641
10904069
10904685
10904896
10905570
10905628
10908189
10908262
10910484
10910843
10914374
10914642
10916379
10916765
10916774
10918109
10919424
10919429
10919430
10919589
10920547
10921521
10923199
10923222
10924235
10924237
10926298
10927793
10928644
10928849
10930019
10930063
10930817
10930818
10933992
10934775
10935263
10935709
10936157
10941447
10943088
10944996
10945425
10946050
10948054
10948591
10949184
10952369
10952967
10955271
10955374
10955394
10955892
10956295
10957768
10958092
10958264
10958266
10959479
10959521
10960295
10961633
10962917
10964147
10967768
10967774
10967775
10967783
10968246
10969745
10970931
10970933
10970938
10973608
10975316
10976376
10977799
10978046
10979510
10979544
10979546
10980885
10981339
10981583
10983373
10986922
10987357
10990119
10991750
10993665
10993666
10994403
10995052
10996559
10998776
11000663
11002481
11002728
11003327
11004379
11008633
11009266
11009584
11011039
11011485
11011523
11011813
11012043
11014385
11015078
11015166
11015314
11016766
11017899
11018825
11018830
11019799
11020982
11021186
11022143
11023138
11023321
11023322
11024399
11025876
11025901
11026078
11027840
11029881
11030167
11030173
11030669
11031466
11033205
11033231
11033512
11036482
11036485
11039280
11040011
11040471
11040779
11041334
11043815
11045019
11045023
11046185
11046187
11051310
11051668
11051669
11053820
11054185
11055071
11059149
11059662
11059969
11060864
11060875
11060883
11060884
11061267
11061269
11061687
11063364
11067799
11068163
11068171
11068228
11071970
11072730
11073022
11074174
11075150
11075251
11075562
11075578
11075581
11075754
11076138
11076825
11078270
11078307
11079300
11080932
11081064
11081324
11081776
11081949
11082812
11082884
11083179
11083229
11083604
11083957
11084843
11085548
11085549
11086397
11086462
11086474
11086663
11086679
11086794
11086836
11087805
11088075
11090034
11092171
11094682
11094892
11097128
11097129
11097529
11097954
11098257
11098534
11098635
11098913
11099715
11100254
11100397
11102330
11103195
11103197
11103734
11104201
11107668
11107669
11107957
11108413
11108414
11109425
11110045
11111975
11112011
11112013
11112760
11114796
11115095
11118177
11118264
11118796
11119280
11119810
11119821
11119834
11119835
11119855
11119856
11119871
11120170
11120171
11121952
11122397
11123125
11123399
11126273
11127589
11128247
11130927
11132169
11132431
11132673
11132807
11134714
11134715
11134716
11135737
11136691
11137518
11137679
11138299
11138307
11138309
11138575
11139925
11139979
11139992
11140241
11141203
11141208
11141673
11142278
11143621
11144153
11144697
11146266
11146745
11146859
11147407
11149208
11149240
11149269
11149270
11149445
11150358
11150396
11151539
11152418
11153634
11155218
11155550
11156511
11158456
11159672
11165431
11166614
11167448
11171465
11171466
11171495
11174344
11175485
11176167
11178221
11182971
11184647
11184648
11184665
11184946
11185388
11185936
11186296
11186922
11186976
11187221
11187999
11188378
11189971
11190310
11190456
11191241
11192966
11193286
11194602
11194603
11194745
11195600
11196569
11196594
11196756
11197786
11197896
11198559
11199525
11200909
11200979
11200981
11201365
11201367
11201370
11201632
11201923
11201932
11202245
11203340
11204364
11205078
11205542
11205552
11207161
11207163
11207176
11207177
11207789
11207887
11208287
11208288
11208446
11208495
11208497
11210380
11210381
11210812
11210883
11210997
11211056
11211314
11214006
11214700
11215430
11216272
11216409
11216978
11216979
11219253
11219254
11219819
11219911
11220356
11220858
11220871
11221161
11221205
11221395
11221638
11221666
11221778
11222117
11222792
11224026
11225598
11225944
11226093
11226639
11227596
11227598
11227712
11227835
11227955
11227956
11227958
11227960
11227967
11229113
11232911
11233485
11234284
11234605
11234708
11236263
11237545
11239374
11240550
11240569
11241061
11242812
11242912
11243029
11243768
11244001
11245751
11246257
11251272
11252056
11252918
11253384
11253569
11253626
11253862
11255458
11255883
11256099
11256226
11257562
11261444
11264330
11265051
11265365
11265900
11266864
11267022
11267093
11267108
11267109
11267127
11267292
11267293
11268893
11269241
11270709
11271099
11273155
11273833
11273834
11275868
11276535
11276553
11277285
11277292
11277565
11279378
11279648
11281089
11282047
11282048
11284822
11284836
11285705
11289182
11291673
11291674
11293111
11296398
11299637
11300144
11301700
11303383
11303661
11305141
11305143
11306765
11309642
11310279
11310291
11310297
11310495
11311913
11313215
11314057
11314678
11315131
11316127
11316131
11316247
11317182
11317492
11319529
11320194
11320372
11322406
11323852
11324988
11324990
11324991
11326360
11326809
11328330
11330508
11331719
11332064
11332468
11332569
11332917
11333051
11333052
11333056
11333057
11333388
11333390
11333391
11333573
11333815
11333823
11335015
11337647
11337898
11338241
11339620
11341093
11341094
11341095
11341182
11342707
11342751
11343151
11344844
11345376
11345868
11346252
11346907
11350088
11350095
11350351
11353994
11354207
11354230
11354400
11355314
11358200
11359733
11361055
11369696
11370435
11371285
11371842
11372557
11372559
11373414
11375457
11376893
11376995
11377687
11379677
11379977
11381777
11382272
11382525
11382823
11383665
11384085
11385044
11386328
11387422
11387487
11387492
11387935
11388112
11388136
11388440
11389243
11391335
11391946
11391971
11392247
11394192
11394731
11401133
11401939
11402835
11403118
11404935
11405383
11405396
11405818
11407288
11407385
11407386
11408724
11409427
11409831
11410580
11411244
11412173
11412197
11412412
11412730
11412736
11412737
11412759
11412760
11412779
11412899
11413803
11414479
11414719
11417436
11419242
11422070
11422323
11423066
11423292
11424050
11425417
11425771
11426105
11428478
11428484
11429092
11429094
11430560
11430561
11430562
11430643
11431164
11431218
11431769
11432800
11433055
11433584
11434025
11435328
11435336
11435337
11435807
11435808
11435893
11437147
11437171
11437621
11437891
11439322
11439373
11439406
11440418
11441329
11442008
11442459
11444125
11445105
11446549
11447535
11447536
11448336
11448409
11449210
11449297
11449586
11450050
11450105
11450371
11451079
11451852
11452196
11453379
11454145
11454378
11460914
11464684
11464718
11466026
11466508
11467459
11467679
11468477
11468593
11469042
11469429
11469546
11470384
11471277
11471311
11473563
11474165
11475254
11475668
11475866
11476382
11477353
11477370
11477984
11478424
11480532
11481848
11482356
11482807
11483170
11483235
11484694
11486579
11486903
11488276
11489401
11489786
11491131
11491217
11491505
11492992
11493131
11493779
11493794
11493842
11494931
11496849
11497399
11498092
11498095
11498097
11498147
11499262
11499342
11499356
11499358
11499359
11499360
11499362
11499363
11499726
11502961
11503554
11503946
11503949
11505870
11506230
11508159
11508593
11509302
11509306
11510079
11511448
11511644
11511738
11511943
11511949
11511964
11512342
11513019
11513326
11513446
11514376
11514377
11514496
11515202
11515225
11515278
11515284
11515632
11516054
11516346
11516645
11517634
11517635
11517636
11519205
11521464
11521569
11523425
11526422
11528161
11529220
11529221
11529222
11529223
11529224
11530027
11530522
11532062
11532549
11532841
11533339
11533349
11533819
11534283
11534521
11534570
11534578
11535186
11543819
11544705
11544867
11544921
11545757
11548077
11548563
11551877
11551887
11552039
11554897
11556188
11556575
11557195
11557824
11559506
11560039
11560044
11560184
11562826
11562841
11562843
11564406
11565347
11565599
11566072
11568055
11568468
11570599
11571344
11571696
11573452
11573609
11573687
11573700
11573709
11574999
11575350
11575413
11575615
11576749
11579621
11579954
11581089
11581528
11582664
11582725
11587651
11587876
11588655
11588656
11588657
11588658
11588722
11588737
11593740
11594187
11595086
11596468
11596603
11596614
11596615
11598431
11603067
11604621
11605820
11605900
11606176
11606674
11606680
11624662
11641542
11641555
11642075
11657908
11665393
11666139
11669410
11672710
11673344
11675425
11675802
11676195
11676960
11678007
11678263
11678390
11678394
11679304
11679308
11680212
11680313
11680564
11685308
11685312
11685590
11686157
11688830
11689092
11691526
11691528
11691529
11692789
11692967
11694895
11695710
11696024
11698114
11701977
11702502
11705179
11705833
11706863
11707042
11708260
11708359
11710801
11711238
11712424
11712558
11712580
11712954
11713840
11715334
11715741
11716239
11717210
11718518
11719121
11719141
11721739
11723021
11723193
11725219
11725262
11725522
11726445
11726822
11727795
11727921
11728066
11728369
11728764
11729379
11731067
11731602
11731693
11732448
11733683
11733817
11735863
11737183
11737901
11738330
11738545
11740141
11740291
11740299
11740583
11741573
11741666
11742598
11743033
11745589
11748500
11749104
11750605
11750607
11750609
11750610
11751363
11751654
11753060
11754795
11757023
11757245
11757876
11757993
11758569
11758707
11759373
11759600
11759931
11759943
11759951
11760025
11760662
11760868
11761421
11761422
11761911
11762673
11763117
11763576
11763577
11763681
11763893
11764139
11765577
11765607
11767787
11768004
11768283
11769534
11769755
11770567
11770809
11771802
11772672
11772811
11772855
11773485
11773696
11774053
11774618
11775629
11776941
11777866
11778059
11781397
11781400
11781904
11781918
11783400
11783754
11785000
11785044
11785589
11785921
11786142
11787124
11787222
11789380
11790037
11790231
11790395
11790691
11790715
11791107
11792247
11792253
11793617
11794235
11795116
11796668
11797036
11798005
11799425
11799538
11799851
11800077
11801981
11808203
11808445
11808502
11809277
11810186
11810748
11810990
11811365
11813048
11814735
11816440
11816631
11816939
11817232
11817270
11817344
11817823
11820230
11820966
11821001
11821526
11824766
11824769
11828932
11829165
11835044
11835735
11838479
11838834
11839626
11839866
11839872
11839880
11840246
11843472
11843704
11847315
11847787
11852003
11852447
11852453
11852975
11855066
11855326
11856792
11856794
11856801
11858920
11858922
11858925
11860332
11862141
11863344
11863351
11863395
11863575
11865242
11865348
11865559
11865563
11865567
11865659
11866418
11867036
11867049
11867497
11868158
11868177
11868354
11869841
11870699
11871040
11871044
11871780
11872435
11873437
11874618
11875177
11875992
11876028
11876331
11877546
11877886
11877897
11877927
11877934
11878744
11881671
11882834
11884651
11885615
11885616
11885617
11885638
11886489
11887192
11887790
11887892
11888795
11889025
11889299
11889332
11889541
11889832
11891101
11892393
11892575
11893887
11893990
11894678
11897448
11897479
11897740
11899019
11899453
11899454
11900295
11901046
11901489
11901579
11901885
11902052
11902270
11902710
11903091
11904028
11904086
11904208
11904797
11904907
11907513
11909653
11910545
11912895
11914265
11914553
11915483
11916056
11916791
11916795
11916804
11918161
11919114
11922448
11922507
11924320
11924321
11924322
11924478
11925639
11925722
11925836
11927111
11929088
11929180
11929182
11929375
11930177
11931122
11932041
11933525
11933948
11933973
11934520
11935136
11939428
11939498
11939891
11939913
11940411
11942436
11944492
11945099
11948086
11948276
11950406
11950675
11950681
11951034
11951066
11951076
11951324
11953507
11954320
11954409
11954529
11958382
11959154
11959164
11959165
11959166
11959171
11959172
11959241
11959325
11959646
11963389
11963761
11964617
11965679
11965938
11966064
11966090
11966559
11966675
11967595
11968223
11968739
11971359
11972150
11974448
11974978
11974979
11974994
11975441
11975909
11976606
11977402
11978723
11979987
11981354
11981412
11981997
11984025
11985393
11988912
11989009
11989498
11989758
11990203
11990207
11990670
11990736
11991925
11992143
11993021
11995720
11996281
11996445
11996705
11997649
11998256
11998715
11998745
11998916
11999657
12000047
12001477
12001638
12005297
12006123
12006225
12006819
12006908
12006970
12009001
12009714
12009722
12010942
12011289
12011766
12012222
12013674
12015924
12015928
12020331
12022059
12023311
12023756
12025093
12026336
12027341
12027532
12029403
12029420
12029512
12031006
12035458
12036203
12039101
12039667
12040546
12040550
12040849
12042012
12042093
12042599
12043249
12043251
12044405
12044406
12045849
12046234
12046437
12048665
12048745
12049374
12049376
12053164
12053497
12053802
12055806
12057988
12058507
12058770
12060335
12060795
12061181
12061382
12062363
12062736
12062845
12066809
12066824
12067766
12067919
12067930
12067931
12068708
12072286
12072667
12072698
12073195
12073487
12074285
12076242
12077021
12077027
12077882
12078425
12079139
12080510
12080609
12082057
12082060
12082068
12082201
12082911
12083154
12084889
12085014
12085421
12085514
12085583
12085742
12085938
12086171
12086763
12086792
12087646
12088789
12088804
12088814
12088817
12089131
12089391
12089839
12090744
12090751
12092167
12092383
12093719
12094685
12094808
12096794
12097152
12097227
12097788
12099099
12099192
12100907
12102456
12103268
12105076
12105265
12106848
12106942
12108199
12109461
12110111
12111657
12111985
12113698
12116530
12116531
12117323
12119076
12119078
12121376
12122418
12124721
12126184
12127565
12132524
12134207
12134291
12134310
12134345
12134603
12134982
12134983
12135256
12136974
12136976
12138314
12139557
12140044
12140300
12142117
12143458
12145086
12145476
12145560
12146662
12147374
12147538
12147565
12147571
12147883
12150591
12151744
12154560
12154561
12154830
12161843
12161949
12164986
12165745
12166488
12166489
12166491
12166493
12166706
12167192
12167195
12167529
12167964
12167966
12169488
12169798
12173578
12174559
12174974
12176444
12176493
12176500
12177395
12180247
12180253
12181208
12181689
12182166
12182167
12182168
12182169
12182187
12182191
12183991
12184702
12184855
12185429
12185731
12185763
12185861
12186221
12188952
12188967
12190804
12192688
12192782
12193147
12193247
12193783
12193915
12195608
12196326
12196636
12198361
12199919
12205647
12208011
12208407
12209021
12209290
12211324
12211519
12212699
12212704
12213264
12215053
12215578
12215591
12215748
12215884
12216504
12216505
12216506
12218076
12218877
12219688
12220389
12222071
12222570
12223937
12224201
12224828
12224840
12226056
12226990
12227712
12228146
12228785
12231099
12231593
12232984
12233263
12233756
12234955
12235296
12235323
12235573
12237504
12239256
12239264
12242914
12243489
12244933
12244936
12244937
12244939
12269556
12270368
12270410
12270428
12270436
12270863
12270874
12296635
12297351
12297563
12351560
12352034
12352883
12352914
12353412
12353560
12356864
12357090
12357188
12357276
12357280
12358170
12358180
12361350
12364935
12365869
12368930
12369019
12370235
12370482
12371397
12371791
12374158
12374164
12374165
12376438
12376450
12377148
12378730
12380160
12380766
12380769
12380780
12381622
12383362
12383670
12384453
12385058
12385497
12386528
12386761
12388955
12389164
12392838
12394310
12395356
12397139
12398776
12398829
12402493
12403657
12403667
12404847
12405367
12407311
12407319
12408252
12408253
12408254
12408255
12408256
12410055
12410904
12411109
12411731
12412371
12412408
12413369
12415498
12415871
12417234
12417241
12417536
12418298
12418741
12418743
12420086
12422317
12422386
12424933
12425314
12425891
12426647
12426704
12426944
12427083
12427495
12427915
12428341
12428570
12429004
12430337
12430681
12430741
12431527
12431528
12431529
12431533
12431535
12431536
12433242
12433898
12434267
12434737
12434798
12434799
12435373
12435374
12435378
12435937
12437711
12438868
12442027
12442240
12445538
12447173
12447503
12447514
12447625
12448492
12449453
12453084
12453087
12455093
12455326
12455330
12457503
12460153
12460859
12462029
12462328
12462896
12462897
12464288
12464516
12464986
12469003
12469644
12470398
12472702
12473130
12473134
12473135
12475100
12475101
12475113
12475188
12475469
12476584
12477637
12480028
12480785
12480969
12481239
12481480
12481520
12483195
12483362
12484398
12485542
12486263
12486286
12486569
12486629
12486910
12490996
12492808
12493387
12493483
12496332
12497558
12499414
12500528
12500710
12503434
12503937
12504206
12504643
12504644
12505571
12505732
12505738
12506478
12506525
12511456
12511622
12512493
12514690
12514753
12516410
12518923
12519647
12522116
12523123
12524716
12527549
12527651
12528078
12528687
12528705
12528876
12529570
12529787
12529868
12531961
12532932
12533091
12533992
12533999
12534013
12534125
12536844
12538946
12539087
12539110
12542567
12542819
12543056
12543762
12544735
12545053
12545337
12545591
12546634
12547310
12547376
12548272
12556831
12560296
12560994
12561220
12563251
12564425
12564777
12565142
12566354
12566553
12566555
12569187
12570950
12572919
12574017
12574708
12575732
12576360
12577219
12579168
12580718
12583318
12584414
12584416
12585006
12585018
12585240
12586179
12586683
12587062
12589123
12590189
12590382
12590838
12590907
12591330
12591812
12591828
12591840
12591861
12592113
12592763
12593061
12593063
12593066
12593068
12594437
12594583
12596076
12596380
12596741
12598954
12599342
12599520
12601654
12602449
12604864
12605114
12605737
12607238
12607397
12607887
12609352
12609656
12611038
12611156
12612242
12612271
12612854
12613370
12613371
12613384
12614377
12615261
12615273
12615562
12616657
12616968
12619233
12621693
12622750
12626850
12626967
12627008
12627030
12627885
12627886
12628130
12628565
12628723
12628724
12632227
12632571
12632770
12633638
12633639
12633640
12633816
12637181
12637416
12637856
12637866
12638301
12638832
12638993
12639264
12640341
12640975
12641608
12644070
12644071
12644090
12644128
12644129
12644131
12644161
12644869
12645612
12647269
12649928
12650417
12651049
12652275
12653674
12654148
12654958
12655389
12655693
12656271
12656795
12657224
12657417
12657992
12659980
12660665
12664244
12664508
12664648
12665335
12666141
12666430
12666585
12666651
12667170
12668496
12668523
12669508
12670299
12671818
12674741
12677285
12678092
12679218
12679368
12682481
12682504
12683281
12683344
12683385
12683479
12683693
12683881
12684558
12685148
12685434
12686351
12686410
12686788
12687840
12687841
12687864
12687865
12688401
12688446
12688640
12688645
12688649
12690239
12690946
12691399
12691764
12692413
12693512
12693661
12693834
12694015
12694768
12695383
12696785
12697515
12697524
12698100
12698684
12698718
12703103
12703677
12703871
12704494
12705226
12706140
12707490
12708623
12709072
12709114
12710226
12710263
12710316
12710319
12710321
12710785
12713019
12713771
12715026
12715298
12715509
12715812
12715820
12715855
12715857
12716081
12716872
12717195
12717206
12717226
12717298
12717651
12717657
12718464
12719179
12720095
12721783
12722734
12723504
12724120
12724462
12724508
12725642
12727148
12728505
12728910
12728950
12732853
12732864
12733229
12733844
12734133
12734140
12734651
12735258
12735259
12735913
12736079
12736084
12736872
12738944
12741701
12742684
12743243
12743350
12744036
12745045
12745184
12745630
12745704
12745705
12745707
12745708
12745711
12747375
12747376
12748081
12748912
12750403
12751588
12752318
12753482
12756676
12756678
12756872
12757560
12757575
12760433
12760586
12761458
12762263
12762272
12763007
12763150
12763731
12764120
12766372
12766502
12766599
12766683
12766711
12766740
12766869
12767440
12767736
12770669
12770677
12771068
12771284
12771628
12771885
12772021
12777329
12777540
12777849
12784069
12784739
12784761
12785245
12788574
12789083
12791329
12792392
12792416
12792491
12794609
12796440
12796441
12796446
12800641
12801845
12802220
12802222
12802224
12802244
12804924
12805123
12806722
12807857
12808268
12810004
12810342
12810808
12812169
12813302
12813303
12814589
12814986
12814987
12815667
12816170
12817594
12819879
12821218
12821423
12821510
12821742
12821757
12822043
12823481
12826135
12826221
12826972
12828892
12829901
12831655
12831993
12833807
12833892
12834457
12835349
12835408
12835814
12838839
12838840
12839101
12841175
12842256
12842645
12842646
12842648
12842649
12842650
12845282
12845858
12846221
12846340
12848802
12849215
12849881
12849886
12850424
12850515
12851506
12852169
12852270
12852272
12852274
12852891
12854583
12854598
12854599
12854601
12854615
12855124
12855497
12855873
12855924
12856230
12856252
12856372
12857365
12859827
12859828
12859829
12859830
12859831
12859832
12859833
12859834
12859835
12859836
12859837
12859838
12859840
12859841
12859842
12860589
12860847
12862049
12862050
12862324
12864760
12865699
12865961
12866172
12867227
12867238
12867268
12867872
12868793
12869114
12869116
12872859
12873621
12873935
12873966
12874411
12874425
12874547
12875432
12876525
12878301
12879954
12881183
12881617
12882494
12883373
12883520
12883609
12885180
12889337
12891279
12891694
12891885
12891992
12892050
12892624
12893694
12893725
12894466
12894809
12897989
12899159
12901159
12901427
12903609
12904871
12906031
12906346
12906979
12906980
12909474
12910308
12910986
12911158
12911459
12913202
12913739
12914632
12915016
12917136
12917304
12918726
12921196
12923012
12923617
12923946
12924279
12925380
12925452
12925462
12926539
12926763
12927399
12928914
12929014
12930262
12930497
12930512
12932093
12934841
12935567
12938081
12938717
12939945
12940311
12940458
12940643
12942172
12942422
12942462
12942654
12943961
12944433
12944711
12945466
12946505
12947211
12947829
12948790
12949267
12949317
12950508
12950533
12950534
12950869
12950871
12951917
12953351
12953668
12954700
12955555
12956453
12956486
12957525
12958777
12960928
12962738
12962741
12963568
12963853
12964450
12965071
12965312
12965942
12965957
12966633
12967761
12967884
12968775
12971148
12971357
12971358
12971456
12971910
12972126
12972206
12972905
12973663
12974425
12975035
13130174
13677288
13677955
13679013
13679724
13680148
14499075
14500088
14501158
14502389
14502821
14503183
14503909
14504161
14504335
14504337
14504635
14505247
14505837
14505846
14507042
14507952
14508592
14509147
14509160
14509737
14511457
14512691
14513169
14513481
14513773
14514703
14515847
14515922
14515938
14516330
14516346
14516882
14516899
14517562
14518514
14518515
14518516
14518517
14518518
14518526
14519280
14519459
14521674
14523614
14524021
14525828
14526333
14526433
14529858
14531254
14531823
14553834
14555596
14556561
14557571
14557573
14558637
14558638
14560324
14560721
14562732
14563262
14564654
14568817
14569912
14570002
14570804
14571023
14571888
14572680
14574653
14576236
14577288
14578600
14578701
14578744
14578834
14578838
14579050
14579609
14581316
14581690
14582612
14583373
14586918
14587432
14587482
14587986
14588216
14592150
14592332
14593951
14593952
14593970
14595500
14598672
14599413
14600000
14600010
14601282
14603126
14603926
14606711
14607061
14608553
14609607
14609608
14609615
14610770
14610772
14612007
14612163
14615775
14617702
14617720
14618676
14619291
14619365
14619683
14619797
14620215
14621022
14622363
14622545
14623807
14625972
14626601
14627902
14630890
14631605
14631932
14632370
14633854
14634264
14634803
14635621
14635752
14636383
14640066
14640287
14640481
14640485
14640487
14641526
14644380
14644703
14644781
14644874
14645610
14645628
14647290
14648886
14649237
14649306
14651309
14652453
14653145
14655202
14658214
14659775
14659848
14660232
14661170
14661187
14661377
14662435
14662516
14662694
14663046
14663614
14663616
14664052
14664314
14666802
14668461
14670816
14671755
14672098
14672260
14673694
14673698
14674086
14676242
14676251
14676509
14676510
14676571
14676646
14677343
14677803
14679642
14680000
14683715
14686100
14687096
14687306
14688694
14689039
14689091
14689394
14689682
14689873
14690096
14691031
14694924
14696418
14696856
14696911
14697726
14697727
14697728
14697729
14697953
14697988
14698370
14699706
14702520
14704881
14705251
14706228
14706421
14706493
14707586
14707960
14708258
14708259
14708260
14709266
14710305
14710981
14712906
14714237
14715355
14715356
14716895
14717009
14717723
14718331
14718722
14719479
14719554
14720169
14722825
14723048
14723253
14723256
14724438
14724714
14725199
14726090
14726924
14727100
14728871
14730803
14731201
14732425
14733453
14734869
14735245
14735375
14736135
14736902
14737867
14738015
14738282
14740107
14743912
14745442
14745488
14746242
14746754
14746880
14747812
14747813
14747822
14748281
14749566
14749580
14749911
14749936
14751348
14751954
14752918
14753098
14753239
14753583
14753633
14753642
14753643
14754934
14754984
14756024
14757010
14757308
14757651
14757652
14761742
14762735
14763454
14765987
14767685
14770047
14870720
14871023
14872047
14872084
14960050
14960053
14964801
14966147
14967115
14967187
14967772
14967853
14968517
14969117
14970306
14971422
14974342
14974779
14974941
14975061
14975413
14976271
14980353
14980889
14980924
14981050
14981190
14981200
14981572
14982339
14982493
14982986
14984663
14986599
14988331
14989439
14990119
14990120
14990248
14990772
14990895
14991351
14992090
14992329
14993513
14994979
14996208
14998621
14998733
14999493
14999998
15000090
15002714
15004453
15005020
15008063
15009831
15010192
15010413
15010421
15011235
15011716
15013288
15013289
15014215
15014864
15015414
15017150
15018084
15018291
15019643
15019897
15020537
15024358
15024447
15024567
15024594
15024898
15025610
15025760
15027043
15027257
15029057
15029137
15029523
15030858
15032034
15032050
15033633
15033886
15034657
15035077
15035271
15035297
15036430
15036434
15037471
15037727
15038195
15038380
15038386
15039055
15040326
15040343
15040709
15041878
15041936
15042878
15043577
15044878
15045598
15045601
15045603
15048665
15048952
15049167
15049303
15050182
15051654
15053437
15054576
15055371
15056430
15057183
15058299
15060271
15060637
15061825
15065046
15066247
15066249
15068182
15068183
15069973
15070119
15072474
15072719
15074025
15075063
15077079
15077365
15077733
15077737
15077751
15078403
15078411
15080235
15080573
15082703
15083422
15083562
15083841
15083868
15083933
15084214
15084573
15085378
15086234
15087110
15087758
15088604
15089013
15090585
15090713
15090931
15094000
15094003
15094576
15095052
15095490
15095566
15098525
15098777
15099157
15101507
15102254
15102866
15103940
15104024
15105000
15106399
15107316
15107974
15110542
15111684
15113425
15113439
15113762
15113764
15114274
15115559
15118882
15119220
15119534
15120779
15121068
15121069
15121070
15121071
15121502
15122970
15123139
15123905
15125486
15125720
15125736
15125737
15127143
15127313
15127378
15127665
15129047
15130297
15130397
15130399
15130401
15130404
15131546
15132121
15132137
15135712
15136517
15136645
15137518
15138810
15138946
15138960
15138969
15139333
15139335
15139351
15139352
15139353
15139354
15139355
15139660
15139738
15140537
15142903
15144105
15144914
15144963
15145475
15145882
15145999
15147087
15147468
15148284
15148981
15149436
15150198
15150711
15150904
15150960
15152614
15152676
15154304
15156216
15156785
15156880
15157241
15157261
15157311
15157377
15158919
15159346
15159492
15159495
15159515
15160891
15163034
15163089
15163090
15164688
15165632
15166752
15166769
15167197
15167587
15171738
15172414
15172415
15172651
15172652
15172653
15172716
15173529
15174250
15174443
15174764
15175056
15175069
15175074
15175130
15176429
15179152
15179245
15179265
15179637
15179941
15179945
15179946
15179948
15182458
15185051
15185239
15185906
15187507
15187532
15189361
15189666
15189698
15190671
15190741
15190991
15191071
15193821
15193843
15194281
15194346
15194363
15194378
15195490
15195797
15195957
15197151
15198271
15199635
15199757
15200136
15200657
15200783
15201351
15201365
15201392
15202081
15202356
15202547
15202668
15203273
15204324
15204342
15205739
15210947
15211160
15213874
15219308
15219310
15219535
15220673
15220770
15222238
15223745
15224046
15224706
15224895
15225472
15225908
15226709
15227961
15230698
15231369
15232246
15232754
15233131
15233152
15233158
15234380
15235722
15235895
15236400
15237529
15239581
15242048
15242145
15243989
15244225
15244368
15246487
15246498
15246645
15247826
15247847
15247990
15248444
15249807
15251301
15251309
15251352
15251353
15251379
15252714
15252742
15253974
15253982
15254565
15255356
15255407
15257053
15257684
15258438
15258874
15259183
15259403
15259823
15259825
15269465
15270965
15271010
15271408
15271597
15271704
15272626
15273040
15273452
15273457
15274845
15274847
15275886
15277649
15278081
15278196
15278263
15278857
15278969
15280680
15280695
15281178
15281185
15281187
15281720
15282534
15287122
15287131
15288355
15288370
15288747
15289185
15289519
15289772
15290482
15291169
15291421
15292465
15294264
15294273
15295053
15295244
15295828
15297096
15297255
15298324
15300200
15301335
15301336
15301340
15301644
15301886
15302654
15303387
15303389
15304598
15304607
15305439
15305956
15305958
15307836
15307899
15309004
15309387
15309586
15310423
15310717
15314123
15315300
15315627
15315933
15316259
15316835
15316839
15316842
15317281
15317550
15317931
15318947
15322575
15325733
15325954
15326240
15326776
15327172
15327232
15327725
15329512
15329762
15332061
15332413
15333503
15334160
15336251
15336585
15336805
15337364
15337580
15338123
15339575
15341036
15341039
15346541
15347064
15349008
15350439
15352623
15352624
15352625
15352710
15353535
15353539
15354134
15355734
15356318
15358026
15358027
15358403
15359049
15359625
15362595
15364180
15364678
15364869
15365150
15365168
15366342
15366352
15366545
15367818
15368987
15371690
15372283
15373196
15376490
15376730
15376731
15380130
15380135
15381166
15381169
15381170
15381171
15382824
15382831
15383134
15384689
15384703
15387991
15389989
15446250
15449411
15449412
15449413
15449414
15449415
15449416
15449417
15449418
15450707
15451153
15451154
15451285
15451587
15452388
15452923
15452924
15452925
15452927
15452930
15452931
15452933
15452934
15452935
15453438
15455119
15456707
15457396
15458288
15459983
15459985
15459989
15459991
15460588
15460607
15460623
15461026
15461728
15462043
15464873
15465405
15466065
15466144
15467520
15468504
15468560
15469593
15470183
15471152
15471395
15472423
15472441
15473218
15473405
15475601
15477105
15477182
15477895
15478267
15478896
15479304
15479318
15480162
15480936
15481519
15481606
15486125
15487056
15487656
15487963
15488128
15488666
15490078
15490638
15492310
15493359
15495378
15495379
15495380
15495381
15495382
15495506
15495734
15495769
15497193
15497226
15497227
15497228
15497229
15497302
15498613
15500903
15501688
15501741
15502719
15504574
15505190
15505445
15505686
15505920
15505921
15505923
15507071
15507250
15509818
15509977
15510934
15511246
15511488
15514603
15516299
15517418
15517923
15518091
15518419
15518620
15518700
15519257
15519949
15520093
15520634
15521561
15521591
15521611
15522633
15523602
15525292
15525611
15527448
15529218
15531565
15531943
15532427
15532949
15534834
15536093
15537858
15538316
15540425
15541926
15543363
15543674
15545207
15545939
15546317
15546816
15547816
15548960
15551433
15551518
15552324
15552722
15553102
15553176
15554200
15554495
15556925
15557523
15557724
15558203
15559070
15559687
15560547
15560955
15560968
15561250
15561252
15561326
15562144
15562860
15562934
15562986
15564111
15565203
15565358
15565934
15566689
15567638
15569027
15569283
15569727
15570732
15573211
15574131
15574187
15574603
15575244
15575390
15575899
15577026
15577528
15580868
15583482
15584566
15584572
15587253
15587672
15588368
15589002
15589201
15589359
15590340
15590513
15591330
15595268
15595351
15596020
15596030
15596557
15596909
15597994
15598914
15599178
15599181
15599271
15600127
15601290
15601297
15602119
15602370
15603174
15605342
15607325
15608399
15610912
15614157
15615096
15615354
15615485
15616062
15616068
15616098
15618994
15619025
15620160
15620163
15620939
15621084
15621088
15621089
15621092
15621131
15621136
15623739
15623740
15623917
15623976
15624592
15625586
15625919
15628055
15628114
15628737
15629565
15630766
15631555
15634624
15635208
15635216
15636435
15636453
15636629
15639129
15640603
15640648
15640998
15641884
15643308
15643598
15645837
15646120
15647953
15648803
15648913
15648969
15649233
15649240
15651556
15652790
15652959
15653036
15654029
15654064
15654565
15654673
15656401
15657005
15657721
15658020
15658021
15658022
15658031
15658532
15658970
15659075
15659131
15659272
15660781
15660799
15660800
15660872
15661080
15661118
15661467
15662585
15663637
15665603
15666060
15666062
15666065
15666305
15666569
15666571
15666663
15666889
15667379
15667387
15667395
15668050
15668052
15668456
15669361
15669371
15669899
15670551
15670960
15670961
15670962
15671579
15671580
15671581
15671582
15671583
15671584
15671586
15671587
15671588
15671589
15671591
15671592
15671593
15671594
15672346
15672982
15673365
15673366
15673699
15675902
15678266
15678315
15678736
15678866
15678931
15679540
15679637
15680032
15680882
15682546
15683507
15683756
15684002
15684647
15684648
15685766
15686651
15686655
15686656
15686659
15687162
15687961
15689595
15689921
15690775
15691357
15693096
15694200
15694892
15698407
15699262
15699384
15699405
15699778
15701323
15702845
15702871
15704510
15705532
15706682
15706705
15706834
15707824
15708197
15708334
15708336
15708690
15709257
15709259
15709442
15709443
15709444
15709658
15710145
15710321
15711710
15712401
15714272
15714364
15714518
15716543
15716562
15717144
15721118
15722267
15723218
15724416
15724888
15725376
15725588
15728302
15730030
15730591
15730895
15730902
15730916
15730998
15732804
15733177
15734423
15738012
15740456
15741142
15741423
15741579
15741702
15742245
15742246
15742512
15742515
15742605
15742828
15743571
15744203
15744844
15745731
15746226
15746233
15747044
15749801
15750906
15751526
15754197
15754430
15754838
15754846
15756219
15757016
15757307
15757590
15759081
15759228
15759546
15759820
15760389
15760391
15761188
15761362
15761364
15761365
15761368
15762102
15762953
15763530
15764781
15764882
15765341
15766897
15768206
15768684
15770579
15770581
15771336
15772174
15773708
15774432
15774451
15776346
15777317
15778279
15779846
15781747
15781830
15781845
15781935
15782010
15784657
15784658
15786611
15787061
15787310
15787910
15788258
15790622
15792139
15792909
15795169
15795706
15796578
15797178
15797185
15797283
15798171
15799139
15799192
15803816
15804630
15805148
15805334
15805360
15805711
15807088
15807232
15808444
15808601
15808643
15808644
15808645
15808646
15808654
15808661
15808672
15812218
15812971
15814367
15814442
15816976
15817097
15817101
15817734
15817989
15818857
15819284
15820355
15824364
15824677
15824686
15825589
15825590
15825591
15825592
15825593
15825848
15825957
15825958
15826275
15827927
15828288
15828637
15829552
15831141
15832890
15832894
15832969
15834644
15834761
15834994
15834995
15835002
15835070
15836499
15836689
15838369
15838956
15838966
15838969
15838973
15838975
15839013
15839293
15841510
15841511
15841512
15842199
15842442
15842983
15843720
15843916
15844305
15847262
15848454
15848464
15848705
15850313
15850585
15850591
15850616
15851096
15851119
15851159
15851160
15851237
15851328
15851337
15851692
15851705
15853461
15854863
15854866
15856050
15856564
15856568
15856589
15856592
15856595
15856750
15857233
15859134
15859221
15859914
15860033
15860785
15863384
15864333
15865546
15865837
15867806
15867808
15868713
15868714
15868874
15869667
15869682
15869687
15870836
15871055
15875117
15875611
15876754
15878567
15879908
15881843
15882664
15883345
15883480
15884254
15884291
15884315
15884410
15887426
15887435
15887813
15888524
15888690
15888693
15889204
15889657
15889882
15892551
15892899
15894858
15894963
15894976
15895337
15897520
15898035
15900011
15902380
15902794
15902795
15904689
15905804
15906603
15906956
15908105
15909631
15909778
15912411
15912757
15912760
15912866
15915297
15916260
15917711
15917980
15919169
15919261
15919565
15919568
15920302
15920399
15920414
15922031
15922057
15922690
15924551
15924632
15924774
15925869
15928742
15928745
15929390
15929467
15931097
15931125
15931300
15935081
15936199
15936616
15937091
15937679
15937834
15938381
15939116
15939408
15940090
15940387
15940865
15941372
15942280
15944100
15944101
15944102
15944421
15944870
15944875
15946930
15947351
15949053
15949201
15950116
15950117
15950843
15950880
15954980
15955186
15955196
15955947
15956124
15956630
15957315
15957333
15958362
15958376
15958806
15958812
15960073
15961012
15962195
15964319
15964320
15964399
15964748
15965223
15966154
15966600
15968172
15968489
15968929
15971064
15973170
15974305
15975670
15975750
15975752
15975791
15976411
15976833
15978853
15979834
15981167
15981394
15981404
15981618
15982440
15982503
15982623
15983183
15984174
15984181
15985518
15985585
15985592
15985602
15985608
15985734
15985735
15986002
15986589
15986737
15986756
15986757
15987408
15989021
15989115
15989143
15989674
15991298
15991403
15992206
15992241
15993229
15993739
15994353
15995454
15995468
15997949
15999061
15999513
16001523
16001942
16002226
16002333
16003711
16003712
16004395
16004907
16007890
16008808
16009912
16009921
16012137
16012138
16012313
16013107
16013187
16013364
16013460
16015015
16015061
16018096
16018107
16018108
16018351
16019088
16019089
16019402
16021355
16021694
16022270
16022841
16023355
16025021
16025730
16025772
16026522
16026615
16027662
16029732
16030438
16032385
16032635
16032637
16033029
16035210
16036682
16036688
16036705
16036814
16037147
16037880
16038085
16039238
16041466
16042680
16043305
16043638
16043817
16044488
16045146
16045158
16046779
16047679
16050295
16050306
16051114
16052444
16054302
16054945
16060718
16061747
16062034
16076519
16078766
16078771
16080476
16081172
16082327
16083093
16083094
16083213
16085955
16086901
16086926
16087110
16087111
16087112
16087760
16087770
16088950
16089014
16089033
16092382
16092383
16092384
16092394
16092395
16092396
16092397
16096450
16096473
16098750
16099583
16100024
16100148
16100994
16101265
16103014
16104065
16105018
16106189
16106667
16106817
16107115
16107374
16108242
16111764
16112759
16112997
16113007
16113201
16116122
16116694
16116717
16119496
16120863
16120871
16122979
16123725
16124688
16126717
16127191
16128914
16129538
16131723
16131725
16132274
16133033
16133778
16134283
16134664
16136424
16136638
16136859
16136931
16137482
16139111
16139140
16139487
16142520
16142879
16143257
16143455
16144180
16144192
16144229
16144878
16146977
16148297
16148470
16148482
16149333
16153968
16154024
16157923
16159058
16159071
16159099
16159663
16159903
16160580
16160664
16162100
16162436
16162772
16164070
16164248
16168799
16168814
16169861
16170089
16171003
16171668
16172707
16172845
16173684
16174011
16174012
16174880
16174935
16174961
16174963
16175061
16175704
16175708
16175709
16175711
16175852
16176533
16176536
16176537
16176547
16177625
16177679
16178024
16178029
16178324
16179046
16179816
16180179
16180389
16180623
16182699
16182819
16182915
16182988
16183208
16183691
16183963
16184018
16185613
16186041
16186424
16186466
16186544
16186555
16186558
16187062
16189050
16189354
16190137
16190518
16192186
16192202
16193204
16193559
16193848
16194625
16195186
16195187
16195669
16196182
16198570
16198849
16199845
16200326
16200927
16202053
16205202
16205203
16206152
16206431
16206474
16206970
16207428
16211197
16212080
16212630
16214407
16214537
16216406
16216609
16216767
16216768
16216769
16217963
16219836
16219885
16219888
16221781
16223408
16223744
16224885
16224911
16225066
16225095
16225102
16225112
16225295
16225841
16226219
16227457
16227538
16227562
16227889
16227933
16228151
16230297
16230804
16231557
16231559
16232412
16238170
16239099
16239179
16239900
16240571
16240681
16241108
16242831
16243222
16244284
16244546
16244547
16244562
16244845
16245417
16245562
16247286
16248866
16248935
16249669
16250024
16250194
16253697
16253703
16254871
16256432
16257214
16258775
16258780
16259825
16260644
16260827
16261598
16262023
16262196
16263650
16264423
16265370
16268215
16268338
16269163
16269439
16269560
16271103
16271164
16271180
16271507
16272210
16272215
16272262
16272783
16272842
16272843
16273728
16273731
16273732
16275193
16275804
16276638
16276642
16277253
16278993
16279007
16279310
16280777
16280948
16280960
16280961
16280962
16281741
16283100
16283152
16284081
16284560
16285119
16286335
16286344
16286542
16287703
16287726
16287796
16288075
16288379
16289991
16290999
16291363
16292016
16292188
16292675
16293951
16294078
16294453
16296349
16296923
16297833
16298603
16298604
16298613
16298616
16298618
16298623
16300167
16301509
16301877
16302545
16302577
16302858
16302879
16304238
16304762
16304765
16305994
16307406
16308325
16308508
16309874
16311045
16311141
16311143
16311270
16311740
16311840
16312884
16313771
16314241
16314338
16315396
16316908
16317641
16317824
16317837
16317846
16319093
16319705
16321141
16321666
16321671
16321700
16322346
16324177
16324535
16324542
16324558
16325016
16325112
16326798
16327682
16328772
16328775
16330896
16333678
16334468
16334472
16334473
16334478
16334482
16334716
16334722
16335487
16336154
16336645
16336819
16336870
16336873
16338680
16339098
16339105
16342445
16342460
16342544
16343304
16344387
16344400
16344412
16344413
16344542
16344544
16344671
16350959
16350960
16350961
16350962
16350963
16350964
16350966
16350967
16350968
16350969
16350970
16350971
16350972
16350973
16350974
16350975
16350976
16350977
16350978
16350979
16350980
16350981
16350983
16350984
16350985
16350986
16350987
16350992
16350993
16352965
16352976
16356234
16356955
16358108
16358473
16359403
16359927
16361175
16361597
16362175
16362514
16363390
16363747
16364615
16364878
16366132
16367897
16368413
16370184
16370186
16370268
16371149
16371678
16372353
16373744
16373790
16374557
16376042
16376060
16376574
16377427
16377854
16377948
16377952
16378709
16378804
16378839
16379056
16380296
16380739
16380853
16381185
16382586
16386448
16386485
16386493
16386497
16386871
16386953
16390919
16392406
16394685
16395033
16395067
16395080
16396190
16396202
16398666
16398758
16398762
16398782
16399061
16400928
16401241
16401654
16401847
16402001
16402507
16402604
16403075
16403078
16403082
16403163
16403699
16404114
16404818
16404820
16404822
16407523
16408585
16409532
16411015
16412171
16413721
16414238
16416354
16416367
16420234
16421970
16422222
16424075
16424709
16424743
16425011
16425012
16425499
16425501
16425502
16425505
16425554
16425772
16426400
16426401
16426410
16426805
16427318
16429207
16430415
16431208
16431236
16432103
16432680
16432977
16433918
16434007
16434763
16437186
16438986
16440077
16440518
16441710
16442408
16442767
16442813
16442866
16443352
16443903
16444039
16446157
16448581
16449254
16449521
16450061
16450203
16454362
16454363
16454364
16454365
16454779
16454780
16457936
16458141
16458142
16458413
16458819
16458831
16459092
16459383
16459396
16459969
16460567
16460906
16461817
16462690
16462821
16463227
16468070
16468956
16468980
16469476
16470804
16471015
16471016
16474025
16475275
16476967
16479692
16482041
16484356
16484428
16484737
16484743
16485365
16485819
16488105
16488781
16489969
16489980
16489982
16489983
16489985
16490054
16490652
16490743
16490922
16490944
16491584
16492312
16492314
16492387
16492484
16492885
16494138
16494144
16494680
16495295
16497428
16499278
16499678
16501128
16501949
16502219
16502793
16503109
16504717
16505178
16506356
16508227
16508493
16513425
16513493
16513538
16514123
16514232
16514425
16518861
16520123
16521003
16521901
16522364
16524056
16524689
16525078
16525144
16526160
16526172
16527176
16528878
16531025
16531199
16532279
16534033
16534037
16534069
16534070
16537275
16538815
16538816
16538912
16539925
16539930
16540211
16540619
16540953
16542038
16542208
16542487
16542518
16544671
16544970
16547083
16549415
16551904
16551954
16553145
16554401
16555324
16555462
16555696
16556775
16556919
16557163
16563908
16564244
16564270
16564271
16564772
16565023
16565673
16567328
16567706
16569653
16570648
16571369
16571840
16571893
16571965
16572640
16572670
16572672
16572673
16573416
16574871
16578912
16580696
16581592
16584406
16584915
16585898
16594188
16597384
16598444
16598849
16601229
16602214
16602257
16603361
16604248
16605198
16606401
16606573
16606770
16606774
16606915
16607230
16608143
16610754
16613236
16614020
16614026
16615236
16616421
16619437
16622400
16623256
16623270
16623279
16623291
16623669
16624118
16624119
16627422
16627423
16627439
16627440
16627450
16627460
16627515
16627902
16627903
16628129
16628513
16629217
16629966
16630303
16631985
16631986
16632810
16633269
16633773
16633781
16633807
16634720
16635991
16635994
16636115
16636177
16636881
16636912
16637132
16637133
16637134
16637136
16637769
16638514
16639627
16642897
16643411
16643585
16644268
16644334
16644411
16645717
16646123
16647300
16648976
16651487
16652086
16671434
16673370
16673630
16673631
16674610
16675491
16676655
16676667
16678343
16679885
16679888
16680287
16680289
16681262
16682658
16682852
16684630
16686631
16687964
16688017
16688059
16688063
16688602
16689115
16689669
16689854
16690548
16690672
16690713
16696261
16696295
16696355
16696580
16697253
16697264
16698831
16699389
16700410
16700984
16701113
16701959
16702596
16702750
16704891
16705194
16707407
16708342
16708533
16708547
16708979
16709021
16710132
16711074
16711283
16712686
16712741
16712747
16713315
16713343
16714361
16714859
16715035
16715179
16715325
16715562
16715563
16715937
16716012
16716996
16718702
16719188
16719616
16720167
16720934
16723143
16723618
16724432
16724814
16725084
16725376
16729414
16729479
16729658
16730508
16731160
16733422
16734818
16735395
16735682
16736835
16738275
16738286
16738297
16738298
16739271
16739704
16739766
16739909
16740450
16741593
16749503
16749606
16754417
16755189
16755229
16755736
16756240
16756680
16757195
16758079
16759298
16759581
16761828
16762528
16762682
16763102
16764705
16764732
16764981
16767544
16768098
16768760
16769411
16769925
16769929
16771154
16772628
16773769
16775232
16775435
16775441
16776010
16776011
16776012
16776016
16778413
16779727
16780172
16780240
16781217
16784152
16786797
16787802
16788007
16788083
16788220
16788367
16789322
16789705
16789976
16790125
16790351
16791945
16792028
16792316
16793314
16796082
16796826
16796882
16797266
16798162
16798295
16798311
16799246
16799775
16801846
16801852
16801853
16801876
16802526
16803654
16803920
16803921
16803922
16803923
16803926
16804276
16804281
16807099
16807679
16807874
16808117
16808202
16809207
16810526
16810579
16813097
16813281
16814094
16814930
16814941
16816436
16816522
16817310
16818129
16818841
16819503
16820389
16820525
16821426
16823289
16823480
16823492
16824405
16826946
16827427
16827871
16830046
16830262
16830409
16830411
16830412
16830413
16830414
16830415
16830416
16830427
16832087
16832695
16832881
16832934
16832936
16832939
16834692
16836525
16836688
16836702
16836706
16836709
16836783
16837484
16842308
16842515
16843544
16844465
16844547
16844714
16844854
16844963
16845224
16845485
16845939
16846061
16846884
16847928
16847951
16848306
16848762
16849866
16850003
16856301
16856348
16858764
16858905
16858990
16859228
16859852
16859875
16860181
16861944
16861949
16864300
16864606
16864617
16864618
16864842
16864968
16865219
16865303
16865634
16866587
16867166
16867911
16869208
16869462
16869857
16871479
16871651
16871739
16873339
16873455
16875978
16876007
16876054
16876620
16876748
16877622
16877624
16878288
16880708
16882826
16883153
16883203
16884510
16885101
16885554
16885831
16886130
16886802
16886832
16886982
16887410
16887763
16891294
16893468
16894806
16895099
16895263
16897247
16899976
16902057
16902341
16902878
16903580
16903581
16903582
16903583
16903587
16903588
16903638
16903640
16906701
16908766
16909792
16910150
16910152
16911869
16911944
16913170
16913470
16916073
16916860
16916904
16917461
16920765
16921071
16922079
16922289
16923000
16924001
16924008
16928518
16928561
16930356
16930937
16931549
16931665
16931704
16932543
16933068
16933660
16936440
16937765
16938199
16939119
16941813
16941855
16942545
16942886
16943662
16943734
16948232
16948251
16948252
16948744
16949008
16949500
16950938
16952927
16954921
16955315
16959656
16959689
16959993
16959998
16960295
16961081
16963069
16964535
16966575
16966672
16966673
16966674
16966826
16967347
16967588
16968849
16969912
16970211
16970649
16970850
16970889
16970892
16971906
16971917
16972590
16972889
16973804
16974099
16977723
16978926
16979040
16980065
16980066
16981868
16982356
16983303
16983525
16984855
16985403
16986720
16987103
16987348
16987745
16987862
16990843
16991134
16996304
16997033
16997688
16997842
16998263
16998514
16998515
17000624
17003754
17003756
17003760
17004174
17005113
17005361
17005373
17005533
17006069
17006727
17008042
17008441
17010825
17012503
17012504
17012505
17012506
17012507
17013753
17015139
17015570
17015798
17016971
17018327
17024640
17024783
17025001
17028424
17030486
17030833
17030941
17031692
17032670
17032844
17033573
17033978
17036558
17038043
17038070
17038142
17039331
17040153
17041119
17041121
17041840
17042846
17044825
17044943
17045903
17046197
17047175
17047579
17051314
17051902
17052551
17052573
17053096
17053268
17056138
17056625
17057142
17057377
17059115
17059191
17060285
17060594
17060850
17061343
17061982
17062004
17062485
17063342
17063604
17063675
17063722
17064833
17065135
17065278
17066356
17067329
17069066
17070606
17072277
17072355
17072674
17072772
17073216
17073217
17073854
17073919
17074006
17074636
17077625
17079828
17080430
17083645
17084413
17084469
17086014
17086032
17086232
17086475
17086646
17086769
17089309
17089913
17089931
17091060
17091061
17091242
17091243
17092685
17095342
17095416
17096105
17096867
17098105
17098778
17098780
17099991
17099992
17099993
17099995
17099996
17099998
17099999
17100000
17100512
17100677
17105748
17105967
17106171
17106629
17110753
17111787
17111790
17111791
17111792
17111796
17112110
17112812
17112941
17112946
17113691
17114669
17115501
17116266
17116271
17116698
17116772
17117535
17117536
17118824
17119977
17120406
17121075
17121771
17123038
17124370
17124375
17124727
17124801
17125684
17126035
17128922
17129525
17129958
17130776
17130779
17131855
17133299
17133851
17135895
17136499
17137648
17137884
17137891
17138040
17138162
17138637
17140747
17141146
17141711
17141893
17141965
17142255
17143045
17143163
17143576
17144031
17145254
17145996
17146006
17148549
17148550
17150954
17151773
17152132
17153246
17153529
17154031
17154038
17156255
17158181
17159132
17159826
17160369
17162678
17162679
17164699
17164732
17165219
17165521
17166068
17166689
17167942
17168256
17168404
17170350
17170406
17171344
17173317
17174064
17174204
17175371
17175372
17175482
17175791
17175792
17177915
17178835
17181536
17182134
17182497
17183427
17183909
17184609
17185734
17186605
17186682
17186697
17186702
17187671
17191669
17193907
17194013
17194014
17195320
17195434
17197142
17197407
17198219
17199957
17199967
17200246
17200501
17203299
17203548
17205226
17205665
17205915
17206549
17206571
17208047
17209155
17210201
17211553
17211690
17212307
17212314
17212573
17212937
17212974
17212976
17214115
17215536
17217872
17220792
17221031
17222094
17222095
17222872
17224418
17224419
17224431
17224456
17225334
17227268
17227559
17227569
17228815
17229258
17229352
17234039
17234099
17234521
17236296
17236433
17237590
17237893
17238526
17238846
17238889
17239023
17239656
17241215
17241615
17242341
17242347
17242845
17244383
17244981
17249438
17251691
17254317
17254761
17255087
17255591
17258137
17259017
17260683
17260809
17261549
17261691
17262855
17265563
17267155
17268125
17272328
17272917
17274316
17274395
17275466
17275467
17275969
17276830
17277400
17277717
17278027
17278863
17278869
17280794
17283825
17283923
17284295
17284899
17285208
17285770
17287391
17287594
17288729
17288766
17288919
17288966
17289249
17289369
17291834
17293203
17293639
17294520
17297839
17300977
17302087
17303965
17304011
17304476
17306437
17306516
17307511
17307629
17308241
17309040
17312703
17315119
17315742
17317199
17317475
17317477
17318057
17318349
17318994
17319431
17319502
17319593
17319862
17319871
17321012
17322638
17322844
17323538
17323665
17323675
17323783
17325838
17326062
17327214
17327930
17328269
17329848
17330718
17331116
17331515
17332139
17332394
17332395
17332904
17334169
17335745
17336476
17337682
17338114
17338125
17338729
17339166
17343724
17344330
17347329
17349155
17350399
17350400
17351170
17351542
17352354
17352668
17353449
17353464
17353485
17353486
17356012
17356195
17357381
17361465
17361599
17362721
17362725
17362726
17362740
17362741
17363448
17363626
17364259
17364514
17364520
17364521
17364525
17364785
17366166
17367583
17368030
17368147
17368521
17368584
17369903
17369922
17370455
17370724
17370766
17371707
17372121
17372124
17372538
17372808
17376747
17376795
17376952
17378018
17378224
17379748
17379987
17381444
17381589
17382435
17383070
17383087
17384057
17384381
17384926
17385466
17387451
17388228
17389314
17391706
17392031
17393045
17393140
17393898
17394167
17394617
17395320
17395613
17395621
17396191
17396192
17396729
17397454
17397948
17398255
17399644
17399791
17400593
17400603
17400615
17404158
17404189
17404191
17404614
17405552
17405665
17405778
17406039
17408092
17408774
17408787
17412438
17412616
17412660
17413367
17414735
17416188
17418071
17419784
17420653
17420927
17420966
17424742
17425568
17426868
17427278
17428450
17430397
17430852
17432098
17432298
17432548
17433191
17435051
17436652
17436657
17436659
17436812
17437579
17437587
17438210
17438225
17441369
17441454
17445110
17448051
17448061
17448068
17448827
17449424
17450369
17451756
17451863
17452611
17452613
17452763
17453763
17453797
17453877
17453886
17453890
17455159
17455161
17455315
17455745
17456495
17461158
17461872
17461874
17463065
17464255
17464552
17465047
17465325
17465791
17465870
17465976
17466460
17467820
17468874
17470294
17470468
17470695
17474627
17475391
17475498
17477288
17479635
17479643
17481851
17482737
17483538
17484093
17484248
17485655
17486364
17486379
17486488
17487051
17488392
17488574
17488578
17488786
17489144
17490686
17491216
17492544
17492585
17493110
17493193
17493266
17494665
17494978
17495763
17496229
17496532
17497343
17498614
17499672
17500418
17502328
17502543
17502545
17502575
17502582
17503262
17504242
17505231
17505794
17506316
17506749
17507142
17507193
17507364
17507439
17508303
17509237
17509244
17509898
17509969
17511242
17511272
17511749
17514158
17515554
17515692
17516824
17517270
17517283
17517803
17518532
17519031
17519798
17519814
17519873
17522790
17523125
17523148
17523580
17524826
17524846
17525028
17525029
17525505
17526466
17526988
17529897
17530569
17531254
17533796
17533923
17533979
17536038
17537092
17538313
17538760
17539468
17540408
17540838
17542226
17545838
17546546
17546936
17548504
17550103
17550904
17551682
17551685
17553420
17555118
17555884
17556203
17556438
17558072
17558381
17559972
17560071
17560466
17560732
17560954
17561494
17562749
17563130
17563682
17563888
17564693
17564922
17565449
17566516
17568171
17568286
17568287
17571035
17571037
17571107
17572040
17572531
17572862
17574378
17574505
17577188
17577420
17577707
17578025
17578032
17578035
17578536
17579950
17581780
17582017
17582867
17582923
17583421
17584726
17585082
17585606
17586172
17588857
17592217
17592279
17592680
17593184
17594308
17595687
17596177
17596498
17598348
17598602
17598795
17598971
17599669
17599670
17601070
17603889
17606111
17606165
17607996
17607998
17608326
17610019
17612041
17613585
17615742
17617070
17617752
17619601
17619835
17620065
17620496
17621539
17622373
17625104
17627236
17629659
17629836
17630480
17630593
17631457
17632865
17633893
17633957
17633995
17634822
17635444
17639069
17639163
17639308
17639829
17639968
17640464
17640925
17641211
17641753
17643226
17643282
17643598
17643651
17643985
17644237
17646758
17646773
17646915
17650737
17650893
17653281
17653950
17655537
17655598
17655672
17656350
17659429
17659491
17661801
17661992
17662020
17663960
17664191
17664223
17664399
17664402
17664407
17666562
17666719
17667038
17667189
17667560
17668403
17668409
17668743
17670781
17671503
17671827
17675937
17679075
17679229
17679574
17681640
17681900
17683418
17684305
17685136
17686261
17687834
17689399
17689400
17689404
17691031
17692603
17693860
17693861
17693906
17694251
17694974
17695683
17695728
17697792
17697827
17698219
17698699
17698798
17700209
17700303
17701090
17701509
17702437
17703682
17706857
17707481
17709712
17710536
17710662
17710785
17713427
17713428
17713980
17714543
17715421
17717718
17718918
17719385
17719630
17720979
17721241
17724113
17724279
17724305
17724907
17724908
17725267
17726421
17726595
17728577
17729051
17760853
17762456
17763832
17764008
17764457
17765486
17765612
17766059
17766081
17766433
17766489
17767340
17767379
17785167
17785228
17785240
17785247
17786058
17802981
17802990
17803580
17804297
17823136
17823362
17823790
17823939
17827168
17827174
17827823
17844939
17845492
17845500
17845675
17846107
17846884
17846984
17848892
17849255
17850468
17852231
17853259
17853705
17853725
17853962
17854926
17855675
17855682
17867311
17867519
17868884
17870477
17873785
17875945
17876264
17876386
17876387
17876538
17880811
17882629
17884702
17884962
17885523
17886757
17889141
17889210
17889403
17889911
17890831
17891893
17892405
17893572
17896725
17896845
17897479
17898231
17898930
17899242
17900018
17900291
17900720
17902059
17902076
17903676
17903792
17905364
17906421
17908520
17910238
17911368
17913369
17915068
17916139
17916633
17917867
17917923
17919625
17919875
17920808
17921530
17922216
17923984
17924477
17925166
17926217
17926900
17926904
17927651
17928327
17928328
17929103
17929492
17931450
17932629
17932649
17934842
17936795
17938125
17938996
17939637
17940745
17942218
17943026
17944122
17945148
17946371
17946717
17946873
17947364
17947365
17948338
17949998
17950427
17950958
17951266
17952351
17952753
17953905
17954394
17954395
17954830
17955328
17955653
17956445
17958043
17958217
17959682
17961969
17962423
17963871
17965013
17966630
17969071
17970579
17971104
17971422
17972433
17972537
17974603
17975699
17976111
17976225
17976409
17976548
17976770
17980807
17982300
17986479
17988273
17988508
17988651
17989389
17990124
17992099
17992508
17993948
17997904
17998409
17998866
17998885
17999104
17999267
18002200
18002673
18002846
18003649
18004134
18004643
18008012
18008245
18018509
18019210
18021061
18021964
18021989
18022593
18023761
18024699
18025964
18025965
18025968
18027146
18028259
18029277
18029278
18030251
18031366
18031846
18032344
18032864
18033875
18035436
18035708
18035839
18036086
18036254
18036502
18036703
18036974
18038517
18038531
18039811
18041332
18041908
18044167
18044391
18044399
18047258
18047441
18049272
18049273
18049855
18050075
18052993
18054288
18055899
18058628
18058642
18061690
18065242
18065320
18065353
18065446
18065680
18065753
18067420
18068238
18069882
18070303
18070305
18070862
18071150
18071988
18072414
18073360
18075811
18077227
18077228
18077232
18077794
18078652
18078665
18080821
18081362
18081916
18082356
18082784
18082799
18086065
18086626
18086659
18087692
18089301
18089302
18089543
18089939
18090168
18090170
18090355
18090521
18090523
18090564
18091280
18091535
18092149
18093567
18094738
18095496
18095499
18096678
18097127
18097263
18154473
18154823
18156533
18158394
18158461
18160548
18161510
18162360
18163021
18164241
18164581
18165585
18166438
18167036
18174621
18175082
18178055
18179100
18180670
18182475
18183507
18183514
18184666
18184940
18185878
18186295
18187962
18190501
18191241
18191522
18191908
18192102
18195154
18195500
18197591
18198746
18200834
18200944
18200999
18201256
18201588
18202213
18202215
18202217
18203188
18204066
18205082
18206338
18206736
18206737
18206792
18207523
18208847
18209001
18209196
18209200
18210815
18212182
18212185
18212481
18212579
18213925
18214118
18217421
18220017
18221687
18223543
18225757
18226667
18226871
18227110
18232110
18233977
18234005
18234750
18234757
18235265
18236220
18237792
18239752
18240041
18243159
18243199
18243204
18247001
18249323
18249360
18250977
18251278
18256055
18256122
18256368
18256369
18257161
18257483
18261179
18261180
18261499
18261619
18262437
18262609
18263756
18263868
18265586
18265787
18265791
18266186
18268788
18269078
18269392
18270846
18272116
18272117
18273666
18273974
18277574
18277619
18277623
18280331
18281450
18282538
18282636
18282726
18283406
18287573
18287820
18289415
18289416
18290417
18290551
18294420
18297230
18299377
18299541
18301847
18302666
18303305
18303748
18304642
18306250
18306572
18306678
18307627
18307629
18307630
18307958
18308551
18309096
18309152
18309905
18309914
18310080
18310632
18310789
18311373
18313345
18315830
18316693
18317642
18318776
18320699
18320989
18320990
18320993
18325673
18325892
18326083
18326412
18326943
18329565
18329647
18332618
18332809
18333288
18333289
18333391
18333397
18333544
18334603
18335522
18337677
18339141
18339270
18339272
18339608
18339609
18340068
18340253
18341685
18343605
18344104
18344252
18344401
18344735
18344740
18345437
18346644
18347540
18347552
18349416
18349713
18350285
18350392
18351321
18353058
18355311
18355467
18356252
18356364
18359183
18359462
18359759
18360147
18360197
18361857
18361914
18362425
18362457
18364268
18364373
18364404
18365430
18365445
18366828
18367346
18367431
18367432
18367433
18367735
18367743
18371559
18372489
18372685
18372686
18372693
18373076
18373754
18373779
18374069
18374110
18374758
18375001
18375398
18375632
18375967
18376348
18379152
18379230
18379269
18379270
18379375
18380034
18380388
18380763
18380781
18381877
18382829
18383075
18388099
18389870
18391154
18391164
18391868
18392392
18392420
18392429
18392442
18393954
18394624
18395171
18397381
18400594
18401476
18402803
18404984
18405478
18405772
18408536
18409315
18412010
18412790
18413075
18413869
18413911
18418024
18418321
18418627
18419038
18419715
18419716
18420063
18420880
18422090
18422411
18423568
18424656
18427092
18427136
18428990
18429573
18431120
18431924
18432001
18432020
18432032
18433032
18437337
18438980
18439174
18439188
18439933
18441494
18442130
18442874
18443554
18443835
18444401
18444915
18446071
18446081
18446312
18446577
18447711
18448389
18448778
18449589
18449594
18450607
18450904
18451756
18453462
18458220
18458864
18459684
18460520
18460722
18460783
18460956
18462421
18464217
18464950
18467128
18467809
18468242
18468833
18468962
18469294
18469503
18470476
18474842
18475194
18477079
18477786
18477792
18477884
18477973
18478859
18480094
18481740
18482147
18482188
18483110
18483703
18483711
18483712
18484164
18484548
18486299
18486323
18486547
18488122
18488706
18488920
18489533
18489876
18492969
18493717
18495073
18495074
18495529
18496370
18499878
18502909
18503226
18506419
18507256
18508283
18508838
18510069
18512035
18512641
18513593
18514153
18514663
18515936
18515940
18516387
18518697
18519550
18520659
18520674
18521761
18521790
18522593
18522873
18524301
18525042
18528446
18528672
18533842
18534308
18534367
18535965
18537877
18539250
18539566
18539567
18540001
18540379
18540467
18543797
18544258
18546990
18547774
18548796
18548811
18549720
18549925
18549951
18550509
18552111
18552220
18552375
18552669
18552889
18554277
18554373
18555061
18555101
18555103
18555104
18555109
18555110
18555117
18555120
18555151
18555877
18558889
18559455
18560643
18561982
18562072
18562346
18562616
18564817
18565722
18565723
18568716
18568718
18569170
18569578
18569729
18570134
18571525
18571533
18572436
18572812
18573951
18575246
18575385
18575686
18576182
18577295
18578465
18578633
18579485
18579849
18581708
18581938
18582818
18582968
18585939
18586177
18586835
18587138
18589087
18589428
18589857
18590066
18592035
18592048
18594240
18597198
18601623
18602324
18602695
18602870
18605371
18606971
18607945
18608262
18609007
18609020
18609749
18610809
18612454
18612760
18613249
18613409
18613557
18616030
18616556
18617208
18617813
18618208
18621364
18621577
18622292
18622521
18625761
18628694
18630170
18630310
18630357
18630655
18630777
18631814
18631815
18631824
18631826
18631827
18631828
18631829
18631832
18633805
18634528
18635380
18638283
18639779
18640412
18641548
18642637
18645506
18648313
18649717
18651335
18651404
18651406
18652177
18653381
18653581
18656270
18656831
18656847
18657080
18657425
18657524
18657976
18662369
18664032
18664785
18665134
18666062
18667822
18669191
18672407
18672481
18673151
18677330
18677591
18678210
18678506
18681108
18681946
18682890
18682892
18683108
18684262
18684270
18684286
18684771
18685133
18685135
18687248
18688668
18691777
18694749
18695433
18697270
18698098
18700608
18701533
18702757
18703468
18703469
18703473
18704260
18705173
18705183
18705950
18706166
18707244
18708418
18709832
18709836
18709855
18710633
18711104
18712140
18713166
18713458
18714802
18716237
18716422
18716849
18717181
18717199
18717659
18718238
18719325
18723851
18724040
18725065
18751640
18753009
18753720
18754203
18754215
18754333
18754337
18754404
18754525
18754763
18755486
18756091
18756452
18757642
18759171
18760129
18760149
18760663
18761286
18761306
18762617
18765195
18765199
18766095
18767332
18768045
18768092
18769890
18770052
18771395
18771949
18772302
18774041
18774114
18774115
18775247
18777697
18781443
18782177
18782692
18782693
18784176
18784608
18787862
18787989
18789640
18789930
18790180
18790335
18791458
18792430
18792583
18796472
18796586
18797376
18799323
18799327
18803088
18803119
18803295
18803560
18803566
18804344
18804518
18804720
18805616
18807215
18807228
18808775
18808778
18808782
18809355
18809500
18810607
18810720
18813009
18814675
18814740
18814744
18814771
18814870
18815452
18817670
18822425
18822494
18822512
18823303
18823415
18823555
18824321
18824680
18825624
18827206
18827207
18827272
18827416
18827448
18829645
18832488
18832533
18833215
18833431
18833507
18833638
18834464
18834808
18835729
18835749
18835750
18837823
18840122
18840368
18842230
18842231
18843066
18843248
18843854
18845973
18846931
18848107
18849218
18849234
18850346
18851928
18852355
18852438
18852577
18852592
18852597
18852665
18853031
18853369
18853370
18853371
18853372
18853373
18853374
18853375
18853376
18853377
18853378
18853379
18853380
18853381
18853382
18853383
18853384
18853385
18853386
18853710
18854436
18855286
18856007
18922239
18922749
18923652
18924472
18924481
18925340
18925836
18929682
18929709
18929825
18931152
18931232
18936289
18938213
18940563
18940888
18942259
18946597
18946858
18947483
18948872
18949724
18949998
18951113
18951389
18951396
18953373
18954365
18954650
18954822
18955189
18955222
18955627
18955882
18956695
18957001
18958433
18959119
18971671
18971802
18973078
18973460
18973489
18973983
18974851
18975236
18977713
18979407
18981365
18981375
18982899
18984423
18984432
18984441
18984536
18987112
18987128
18987129
18987372
18987385
18987417
18988311
18988312
18988403
18989503
18990316
18993016
18996054
18996240
18996985
18997630
18998388
18998389
19000479
19001251
19001258
19002094
19002373
19003597
19004416
19005884
19006489
19007545
19007957
19008974
19009665
19010007
19010008
19010132
19010134
19011784
19012477
19014124
19015487
19015909
19016027
19016482
19017338
19017565
19017925
19019051
19019648
19021731
19023992
19024778
19024830
19024891
19026307
19028009
19029386
19029529
19029558
19029880
19031234
19034023
19034098
19035536
19035719
19038976
19039988
19040672
19041554
19042510
19042795
19042796
19042968
19044138
19044220
19046374
19046902
19047574
19049848
19050656
19050863
19051711
19052242
19052673
19052677
19052914
19053952
19054021
19054186
19054696
19055810
19057127
19057286
19057894
19059993
19059994
19061666
19061683
19062615
19066102
19066721
19067809
19067810
19067986
19068250
19070286
19070839
19073320
19073322
19073691
19073753
19075486
19076119
19077628
19079367
19082902
19082991
19084808
19085969
19088365
19089531
19091139
19091140
19091273
19091569
19091574
19092349
19092748
19093595
19093742
19095218
19097768
19100009
19100376
19100381
19100441
19100958
19102597
19102802
19103529
19103696
19104093
19104414
19105102
19105263
19105264
19105551
19106717
19106718
19111205
19111378
19111434
19112723
19114358
19115659
19115666
19115896
19117803
19118314
19118962
19121271
19124141
19124529
19124530
19125771
19125832
19126662
19127050
19127902
19127947
19129300
19130310
19130337
19131408
19131859
19132444
19133173
19133366
19135194
19135631
19135947
19136167
19136891
19138466
19139593
19140175
19140917
19140927
19142656
19143002
19143698
19143866
19144548
19144601
19145125
19145127
19145134
19145402
19145713
19147262
19148019
19151236
19151275
19155571
19156381
19157281
19157773
19159066
19162227
19164526
19164617
19164630
19167658
19167851
19168242
19168495
19169436
19169982
19169997
19170990
19171947
19172447
19174262
19175195
19175551
19176256
19178798
19179376
19179780
19180436
19181142
19181654
19183119
19187579
19187918
19187925
19190495
19191089
19191094
19191095
19191097
19192473
19192702
19192716
19193676
19193694
19194211
19194302
19194653
19195305
19195721
19196577
19196582
19196624
19198120
19198757
19199079
19199283
19202654
19204025
19204767
19205358
19207753
19207772
19208712
19210745
19211182
19212731
19214841
19215659
19216341
19216636
19217198
19217200
19217587
19220499
19221306
19222504
19222506
19223269
19223429
19223597
19224495
19224513
19224785
19224790
19225824
19225910
19226866
19227806
19230182
19230271
19230779
19232087
19232870
19233607
19235473
19237699
19237862
19238589
19241281
19243314
19243996
19244257
19245287
19246249
19249469
19249474
19249530
19249533
19249541
19249798
19249888
19250083
19250095
19252777
19252780
19252808
19253057
19253717
19254634
19254988
19255729
19260240
19261104
19262216
19262395
19263250
19263358
19263535
19264515
19264762
19266778
19268190
19268242
19268716
19268800
19268925
19269234
19270615
19271261
19271652
19272077
19272217
19272741
19272743
19274035
19274848
19275501
19276193
19278704
19280176
19281451
19281748
19282041
19282063
19282230
19282702
19283531
19284564
19285691
19285830
19286491
19286615
19286776
19289479
19289748
19289806
19289995
19290078
19290466
19292088
19293420
19293421
19294619
19294802
19296296
19296997
19297375
19299197
19299429
19301133
19305083
19306157
19306637
19306870
19307481
19307802
19307817
19307821
19317084
19317305
19317760
19322693
19322981
19324513
19324591
19324717
19325256
19326194
19326988
19327405
19327595
19328369
19328392
19328405
19328923
19328928
19328929
19328930
19328935
19328967
19328968
19329417
19329420
19330852
19331025
19332359
19333069
19333137
19334663
19334672
19335020
19335198
19337704
19337751
19340359
19340545
19342744
19344436
19344925
19345293
19345590
19347691
19349332
19349588
19349829
19350563
19351349
19351631
19353463
19353679
19354018
19359720
19359963
19360238
19360272
19361572
19362767
19362873
19363630
19364068
19364563
19365114
19365115
19365657
19366715
19367396
19367425
19368584
19369840
19369843
19370290
19371525
19371537
19371560
19372229
19372333
19372771
19372772
19372773
19373454
19374114
19374289
19376356
19376357
19376455
19378215
19378725
19379886
19379887
19379917
19380049
19380633
19381350
19381636
19381759
19383552
19384164
19384253
19385318
19385319
19385321
19386617
19386865
19387209
19387967
19388281
19388381
19388572
19390206
19390699
19390778
19390993
19391051
19391532
19392973
19394136
19394558
19394711
19394985
19395072
19396043
19396333
19396795
19397503
19398665
19398858
19398859
19399840
19400350
19400535
19403892
19404190
19404572
19406057
19406076
19406767
19407040
19408166
19408837
19408890
19411268
19413214
19413739
19413936
19414298
19415375
19416777
19416952
19417674
19419396
19420318
19420921
19422407
19422586
19422907
19423645
19424023
19424075
19424282
19425244
19425364
19427180
19427446
19427970
19429799
19430348
19430719
19430768
19432273
19433670
19433672
19433698
19433748
19436787
19436822
19437141
19437173
19437402
19437404
19437899
19438133
19439747
19443638
19444554
19444652
19445108
19445294
19445354
19446847
19447564
19448214
19449515
19451851
19452381
19453721
19455059
19455568
19456012
19457212
19457466
19457761
19458581
19460488
19460738
19461396
19464130
19464376
19465363
19465364
19465787
19466503
19467440
19467953
19468041
19468786
19469110
19469119
19469437
19470959
19477714
19480734
19482459
19482852
19482978
19487600
19487789
19491808
19496762
19497463
19501086
19501747
19502954
19504742
19504770
19506142
19506157
19506380
19506519
19512872
19514416
19514434
19515886
19520277
19520325
19520998
19521047
19522876
19524087
19524254
19524350
19525664
19528521
19528570
19533090
19534239
19534340
19534411
19535970
19536520
19537138
19537267
19537272
19537592
19537923
19539028
19540682
19541039
19541540
19541559
19541730
19542568
19542839
19543107
19543561
19544602
19544924
19545655
19545657
19545658
19545659
19545661
19546273
19547844
19547934
19549158
19549821
19551601
19551652
19554827
19556259
19556417
19556734
19557304
19558063
19559165
19560603
19560702
19561040
19561115
19563364
19563507
19563966
19564117
19564787
19565144
19565185
19565320
19565357
19565377
19565869
19565963
19566013
19566574
19566636
19567743
19568013
19568398
19570809
19571334
19571766
19572860
19573129
19573382
19573391
19573453
19573848
19577040
19577356
19579129
19579459
19579852
19580140
19583683
19583708
19584639
19585848
19586690
19587190
19588655
19589132
19590216
19591313
19592255
19594099
19594463
19594468
19597139
19597300
19597668
19601541
19601739
19603371
19606005
19608681
19608774
19608994
19610576
19614644
19614968
19615191
19617171
19618991
19620171
19620810
19620954
19621780
19622138
19622515
19622812
19622813
19622814
19623805
19623815
19623822
19625351
19625571
19625867
19627729
19627889
19628523
19629027
19631366
19632578
19632881
19633030
19636026
19636031
19636032
19636367
19638512
19639443
19639829
19640241
19642487
19644010
19645623
19646967
19647484
19648151
19648386
19649750
19650005
19650023
19651677
19653081
19653175
19653553
19653937
19655198
19655283
19657306
19657599
19657600
19658037
19660618
19660902
19661722
19665158
19665182
19665511
19666272
19667221
19667953
19667974
19670683
19670684
19671621
19671669
19671890
19672831
19673047
19673722
19675340
19679527
19681178
19681179
19682145
19682299
19683384
19683448
19684195
19685519
19685812
19686462
19686877
19687157
19687712
19689547
19693553
19694968
19695754
19695894
19696643
19699973
19700306
19700598
19702025
19702216
19703742
19703743
19703962
19705618
19706046
19706074
19706353
19706633
19706634
19707001
19707121
19707714
19708131
19708228
19709519
19709537
19710182
19710393
19712069
19712126
19712604
19713554
19715517
19715529
19715830
19715832
19715850
19715903
19715960
19716048
19716463
19718634
19718635
19718636
19719497
19720158
19720931
19720940
19721307
19722362
19725417
19725428
19725438
19725444
19726001
19726003
19726483
19726697
19726950
19727220
19728467
19728521
19728634
19728635
19728644
19729288
19729422
19730189
19730965
19731757
19732367
19733915
19735247
19736168
19736287
19737127
19738091
19740622
19741318
19743577
19744274
19744970
19746819
19746820
19748055
19749201
19749680
19749682
19749683
19750399
19751650
19751791
19752461
19753527
19753531
19755401
19755766
19756829
19758511
19758976
19762582
19762749
19763618
19764440
19764457
19764683
19764844
19765412
19765413
19765416
19765417
19765418
19765476
19765838
19766109
19766355
19766495
19767746
19768633
19770188
19770465
19770479
19770790
19772170
19772508
19772617
19774199
19774329
19774530
19775485
19775702
19775914
19777320
19777414
19779273
19779290
19780993
19781151
19781782
19781908
19782269
19782600
19782864
19782878
19784885
19784908
19786273
19786369
19786685
19786888
19787177
19787991
19788134
19788142
19788469
19793146
19793942
19795682
19796342
19797111
19797144
19797145
19797151
19797568
19797829
19801099
19804573
19805655
19805728
19805943
19806764
19806765
19806766
19806767
19806777
19807972
19808340
19808406
19808459
19808504
19809936
19812962
19813490
19813491
19815129
19815349
19815824
19816977
19817250
19817321
19817627
19817720
19817823
19817921
19818292
19818887
19818888
19818889
19818891
19818892
19818893
19818894
19818895
19818896
19818899
19818901
19818902
19818903
19818904
19818906
19818907
19818910
19818911
19818913
19818915
19818916
19818943
19820196
19820570
19821935
19822491
19822833
19824064
19824329
19824415
19828336
19828353
19828395
19829103
19829118
19829203
19829898
19830509
19831494
19833268
19833413
19834645
19835239
19836189
19836638
19836922
19837855
19838669
19838975
19839192
19840206
19844809
19846119
19847399
19847434
19847675
19847733
19847739
19850561
19850819
19851957
19852536
19853313
19854374
19854576
19855140
19856152
19857436
19857649
19857653
19857672
19857731
19857753
19857767
19857769
19857773
19857777
19857778
19857912
19858425
19858972
19860074
19860242
19860974
19861364
19862831
19874208
19874538
19875370
19875910
19876431
19876443
19876803
19876806
19877266
19879827
19879859
19880022
19880270
19880853
19880943
19881233
19881981
19882757
19884316
19884573
19885985
19888020
19888021
19889180
19889187
19890795
19891418
19895435
19895451
19896679
19897264
19898855
19899296
19901813
19902561
19902652
19902666
19902667
19902668
19902819
19903667
19903727
19904081
19906659
19907871
19908027
19908028
19908417
19910628
19911642
19911890
19915428
19916872
19917342
19917344
19917891
19918000
19919684
19919966
19919967
19919971
19920290
19921621
19921972
19922824
19923330
19923950
19925461
19926015
19926429
19926631
19927598
19931789
19931796
19933605
19933747
19934393
19935087
19937372
19938127
19938408
19940537
19940677
19943608
19943735
19944332
19944489
19945717
19947263
19948381
19948566
19948619
19949892
19950099
19950534
19950535
19950536
19950565
19950566
19950567
19950744
19953402
19953403
19953406
19953465
19954504
19958470
19958887
19959554
19960744
19960758
19964655
19965787
19965840
19966571
19966726
19968525
19969140
19969476
19996857
19997052
19998175
19998179
19998185
19998187
19998670
19998756
19999907
20000009
20001594
20002657
20003124
20004623
20005023
20005157
20005351
20005624
20007944
20008338
20008667
20008707
20008825
20009682
20012145
20013269
20014192
20014613
20015135
20015821
20016525
20017258
20017770
20021574
20021774
20022099
20022230
20022263
20025798
20025799
20027857
20028280
20028281
20028282
20029785
20032564
20033796
20034928
20035130
20035183
20036555
20038287
20038394
20039778
20040343
20041422
20042694
20043186
20043328
20043804
20044256
20045781
20045902
20046517
20047924
20049462
20050962
20051218
20051900
20051996
20052551
20052624
20055249
20055256
20055812
20058051
20058544
20058627
20061357
20061720
20061918
20062754
20063129
20064269
20064700
20065923
20067169
20069206
20069821
20069822
20069823
20069824
20070716
20071069
20071902
20074878
20077760
20078527
20080850
20083049
20084877
20085015
20085445
20086229
20087687
20088168
20089750
20089753
20090011
20090535
20090870
20091472
20092827
20093913
20094087
20097664
20098024
20098025
20098044
20098281
20098284
20099382
20100128
20100814
20101037
20101364
20101929
20102292
20102389
20102895
20102987
20104279
20104283
20104462
20105074
20105645
20106794
20108526
20108822
20110094
20112042
20112619
20112790
20113451
20113455
20113574
20116033
20116482
20117136
20117405
20118391
20119680
20119740
20120509
20120850
20121777
20121997
20122429
20123119
20124019
20124889
20124892
20124932
20125028
20127056
20127613
20127640
20127895
20129511
20129829
20130248
20130250
20130300
20132191
20132392
20132491
20132509
20132527
20132712
20133195
20133802
20134399
20138596
20139244
20139405
20140538
20142758
20143679
20144807
20145494
20145507
20146411
20146785
20148334
20149778
20151528
20152021
20153086
20153422
20156001
20156868
20157987
20157988
20157989
20157990
20157992
20157994
20157997
20157999
20158000
20158504
20158619
20158694
20159291
20159413
20159417
20160774
20161631
20163439
20166052
20167246
20167743
20168173
20170806
20170807
20170817
20171144
20172060
20172294
20172299
20172300
20172302
20172303
20172312
20172313
20172626
20173326
20175760
20176710
20178870
20179177
20181489
20182997
20185451
20185645
20185646
20185880
20186423
20186969
20187416
20187553
20187697
20189589
20190632
20191058
20191950
20193670
20193833
20196458
20196932
20197282
20197295
20198593
20199131
20199132
20200019
20200093
20200459
20201782
20202781
20202898
20202899
20204346
20204907
20205550
20206407
20206471
20207554
20207903
20208413
20210934
20212375
20213217
20213304
20214100
20215367
20215368
20216185
20217276
20218170
20218891
20219222
20220410
20220416
20220418
20220864
20222386
20222489
20223413
20224318
20224367
20224956
20226842
20228528
20229404
20229421
20229424
20229710
20230465
20232039
20232186
20232671
20233272
20233428
20233574
20235480
20235760
20235764
20235766
20236281
20236706
20236869
20237048
20298640
20299295
20302158
20303208
20303996
20304209
20304340
20304342
20304836
20305322
20305483
20306883
20307011
20307328
20308356
20309394
20309673
20329598
20331689
20333415
20333661
20334008
20334802
20334805
20335691
20335706
20336686
20337150
20337151
20338587
20345406
20345852
20345958
20346390
20346433
20347215
20347531
20347557
20348158
20349554
20351241
20351515
20352539
20353412
20353549
20361481
20361604
20361971
20367390
20368639
20369306
20369710
20370881
20372869
20372870
20373066
20373336
20373341
20373625
20374866
20374906
20375300
20375531
20376593
20376645
20377138
20377150
20378509
20379733
20381169
20381298
20381919
20383974
20385677
20385678
20385699
20386101
20386413
20386421
20386422
20386770
20386772
20387193
20389064
20390380
20391350
20391493
20391821
20392136
20393243
20393628
20393632
20393814
20393979
20393980
20395144
20395158
20395825
20397288
20397343
20397352
20397896
20398274
20399989
20401310
20402752
20404676
20404697
20405463
20407403
20408004
20408319
20411370
20411811
20413014
20413046
20414122
20414856
20415154
20415221
20418011
20418285
20419362
20421584
20422817
20422969
20424812
20425512
20426382
20430154
20430159
20430169
20430223
20430768
20432513
20432676
20432683
20432902
20434205
20434591
20434593
20434687
20434812
20434892
20435393
20436048
20436086
20437574
20438339
20439332
20439354
20439356
20441702
20442054
20442182
20443406
20444143
20444805
20445156
20445431
20446643
20446969
20449828
20451988
20452880
20453643
20453784
20454504
20455086
20455331
20455972
20456713
20457967
20458005
20458102
20458514
20458828
20459428
20460588
20460593
20460983
20461435
20461531
20461973
20462611
20464280
20466221
20466254
20466264
20466816
20466820
20469574
20469622
20469669
20471287
20478946
20478955
20479159
20479670
20484402
20484407
20486353
20486503
20487113
20487156
20487344
20487350
20487358
20488845
20488858
20491182
20491553
20491855
20492393
20492864
20493470
20495225
20495972
20496461
20496462
20496463
20496735
20497127
20498188
20498190
20498239
20498285
20498429
20499413
20499502
20499543
20499559
20499585
20500292
20500293
20500780
20500972
20501529
20502086
20504324
20505293
20507685
20507854
20507935
20511282
20511489
20514933
20515909
20516306
20516654
20521026
20521578
20521888
20522049
20522288
20522471
20525725
20525978
20527349
20527351
20529112
20530327
20530966
20532546
20533694
20533695
20534220
20534222
20535001
20537593
20537596
20537736
20537835
20538516
20539181
20539187
20539188
20540236
20541041
20542655
20543197
20545105
20545256
20546007
20546205
20546460
20548984
20549875
20551673
20552293
20552627
20553338
20553822
20554540
20554939
20554940
20554941
20555292
20557523
20558090
20558404
20558405
20562134
20562547
20562689
20562790
20562806
20565396
20565397
20565878
20566300
20568490
20569958
20570741
20572358
20572551
20572859
20573302
20573655
20576395
20578370
20578383
20579234
20579558
20581424
20582449
20582483
20584682
20584756
20586601
20586825
20587373
20587498
20592576
20595476
20595666
20596359
20597637
20599522
20601647
20602849
20603035
20603845
20605537
20605812
20605813
20606061
20606448
20606554
20607668
20608963
20609199
20609684
20609804
20610185
20615728
20616453
20619039
20619725
20620261
20620451
20620455
20620463
20620464
20620482
20620483
20620558
20621508
20622072
20622255
20623312
20623578
20624568
20625024
20626356
20626513
20627624
20628253
20628716
20629462
20630773
20633400
20633757
20634020
20635463
20635749
20636319
20636456
20636652
20638031
20638302
20638710
20639407
20639610
20641108
20643249
20643271
20644707
20644994
20645490
20645967
20647181
20647501
20647812
20647819
20648937
20650913
20651224
20653911
20654013
20654042
20654974
20654998
20655058
20655231
20655694
20655951
20656436
20658216
20661727
20662990
20663690
20664089
20664269
20665353
20665355
20665964
20667422
20667616
20667690
20668114
20668500
20668787
20668977
20670780
20671331
20671594
20671596
20672498
20672677
20673663
20674815
20674833
20674880
20675505
20676606
20677589
20679309
20679311
20680517
20681265
20682718
20682959
20683242
20684450
20684678
20685677
20686290
20689589
20689915
20689962
20691937
20692165
20692391
20692398
20692404
20692411
20692413
20692414
20692424
20692440
20692531
20693394
20693482
20693520
20693915
20694525
20699736
20700899
20702547
20703865
20705232
20706184
20706846
20706879
20708864
20709235
20709236
20710031
20711329
20712842
20712862
20716898
20719221
20719538
20719560
20722502
20722703
20723280
20724209
20724221
20724248
20724258
20724884
20725721
20727097
20727134
20727576
20727577
20728553
20728913
20729100
20729773
20730413
20731058
20731260
20731646
20733152
20733185
20737699
20738043
20738381
20798103
20799109
20799766
20800149
20800299
20800554
20802207
20803104
20803208
20804513
20804882
20808210
20810421
20810760
20812479
20812559
20815318
20815321
20815871
20816453
20816658
20817552
20817601
20817780
20819191
20819234
20819890
20819901
20820765
20822752
20823040
20823647
20823657
20824995
20825065
20825081
20825789
20825849
20825938
20827877
20828328
20828875
20829384
20830533
20830644
20832523
20836329
20837672
20837958
20838805
20840915
20841413
20841948
20842566
20843960
20844626
20844627
20845027
20845314
20845673
20846128
20847633
20848052
20849723
20850565
20850605
20852090
20852216
20854737
20855844
20856195
20857554
20858121
20859899
20861139
20861803
20861804
20862780
20863991
20864290
20864295
20866001
20866020
20868839
20868914
20870101
20870197
20872036
20873430
20873432
20876604
20877174
20878265
20880249
20880760
20880829
20880952
20881591
20884323
20884834
20885292
20886226
20886349
20888265
20889252
20890193
20920893
20920962
20922353
20922846
20924172
20924773
20926195
20928934
20929108
20929111
20929113
20929474
20929628
20930025
20930606
20931362
20931732
20931748
20932448
20932824
20934386
20934610
20935439
20935606
20941679
20941756
20943085
20943437
20943800
20943845
20946556
20946707
20947835
20948494
20950322
20951365
20951531
20951737
20952634
20953716
20955578
20957049
20957867
20960537
20961525
20962527
20963450
20964876
20964995
20965750
20967725
20970621
20970913
20971375
20972272
20973624
20973824
20974764
20977630
20977788
20977791
20978016
20980667
20980670
20980968
21029127
21030476
21031544
21033034
21033495
21034286
21034596
21034642
21034644
21035141
21036499
21037142
21037506
21037931
21038119
21039688
21039868
21039954
21040571
21040580
21041115
21043059
21048559
21049060
21049744
21051281
21053084
21053638
21053677
21054538
21055373
21056483
21056562
21056694
21056923
21057077
21058901
21058937
21059468
21059527
21059547
21060069
21060281
21060306
21061551
21061670
21062357
21062382
21062520
21063676
21067010
21068697
21069616
21074121
21076019
21076091
21076145
21076347
21076727
21077288
21078562
21078751
21079550
21080979
21081551
21081686
21082452
21082492
21083628
21083963
21084010
21084169
21084355
21085089
21086225
21087784
21087897
21088638
21088820
21089461
21091737
21092648
21092649
21092657
21092658
21093300
21093419
21094785
21096171
21096471
21097478
21097969
21099124
21103936
21104101
21105475
21105609
21106020
21106974
21106976
21106977
21109103
21109330
21113575
21116033
21116947
21117917
21118315
21118584
21119341
21125215
21126732
21127132
21130364
21130532
21131640
21131809
21132220
21133244
21133271
21135388
21135981
21136271
21138502
21138855
21140574
21141781
21141783
21142336
21143500
21144713
21145520
21145644
21146012
21149695
21150456
21151340
21155400
21160234
21163214
21165147
21165683
21167105
21167109
21168593
21168594
21168985
21169606
21170654
21171201
21171233
21171241
21171858
21172836
21172837
21173500
21174301
21174674
21174676
21174681
21174682
21174683
21174684
21174690
21174692
21174693
21174694
21174698
21174699
21174700
21174701
21174702
21175278
21175606
21175622
21177420
21179436
21179797
21180045
21180313
21183487
21183712
21183898
21184040
21185008
21185670
21186507
21186957
21187748
21190629
21191476
21192156
21193352
21193469
21195971
21196019
21196928
21197786
21197854
21198854
21199534
21199967
21200096
21200109
21204251
21204818
21205236
21206138
21206254
21206457
21207314
21208233
21208480
21208690
21208771
21209492
21209566
21210097
21210338
21215181
21215492
21216159
21216205
21217425
21218037
21218205
21219200
21221625
21222050
21222521
21225590
21226450
21226598
21226601
21227486
21227571
21227653
21229778
21231875
21231953
21232772
21232966
21235099
21237391
21239067
21239452
21240668
21240844
21241179
21242154
21242502
21243801
21244555
21246093
21246228
21248662
21251140
21251851
21252704
21252705
21256077
21256368
21256772
21257207
21258155
21258172
21259276
21262102
21263309
21263366
21265294
21265592
21267542
21268380
21268821
21272370
21272852
21273743
21274743
21275009
21277155
21279273
21279277
21280360
21282598
21286749
21287145
21287762
21288123
21288217
21288224
21288597
21288780
21292359
21292649
21292699
21292790
21295177
21295908
21296683
21298938
21299836
21302197
21302378
21302426
21302846
21303504
21304584
21305239
21305912
21307040
21307745
21309330
21315504
21315659
21315846
21317029
21317150
21318612
21320117
21320843
21322152
21323034
21323264
21323415
21324752
21325109
21325768
21325772
21327575
21327842
21329031
21329542
21329724
21329841
21329983
21330036
21330629
21330863
21330871
21332580
21332615
21334913
21334927
21335158
21335206
21335582
21336799
21338709
21339480
21339794
21339797
21345426
21345753
21349682
21349718
21353860
21354637
21355178
21357590
21362271
21365568
21365811
21365982
21368531
21371574
21371633
21371718
21374078
21375165
21377081
21377257
21377413
21382043
21382922
21384667
21385644
21385969
21387624
21387697
21387795
21388313
21388983
21389641
21389839
21390240
21391796
21393907
21396503
21396833
21397577
21397728
21398024
21398091
21401283
21401371
21402289
21403023
21403025
21403026
21403114
21404016
21404486
21404775
21409506
21410293
21410404
21410417
21410580
21411150
21413537
21414136
21414211
21416841
21419016
21420055
21420131
21421292
21421817
21423117
21424176
21430646
21431312
21431624
21434461
21434895
21434955
21435999
21436023
21436135
21439578
21439874
21440065
21440185
21440213
21440214
21440412
21440717
21440718
21440719
21440723
21441732
21441977
21442811
21443149
21443156
21443714
21444367
21445104
21447494
21447520
21447812
21447891
21447897
21448393
21449770
21449862
21449934
21449948
21450316
21450498
21452508
21452935
21453342
21454341
21460201
21461000
21462216
21463037
21463463
21464551
21474458
21475025
21476222
21478489
21480157
21484066
21484953
21485121
21485164
21485167
21485617
21485946
21486576
21488605
21488720
21490038
21490217
21491128
21491292
21491459
21491777
21493991
21494112
21494178
21495278
21495344
21495501
21495502
21495555
21496042
21496174
21496723
21497413
21497568
21498007
21500417
21501062
21501111
21502261
21502503
21502760
21504489
21505790
21508000
21509574
21509598
21509599
21510117
21511427
21511524
21512196
21512376
21512390
21512770
21513672
21514214
21514909
21514917
21515521
21516584
21516928
21518146
21520511
21520537
21524433
21524704
21526394
21530146
21530389
21531220
21532128
21533275
21533576
21533735
21534341
21534743
21534981
21535029
21535440
21538162
21539130
21539168
21539639
21542956
21545984
21546020
21547561
21547606
21547632
21550157
21550570
21550843
21553614
21555565
21555949
21557791
21558738
21558739
21558740
21558741
21558742
21560105
21560498
21560776
21560983
21561887
21562252
21562861
21562907
21566051
21566169
21566197
21566298
21567112
21570227
21570228
21570634
21574728
21576191
21585117
21592874
21593438
21594836
21595294
21595633
21596391
21598847
21600509
21600512
21602168
21604079
21606041
21607005
21607938
21609417
21609907
21610650
21610653
21612771
21614669
21615729
21616715
21616943
21617145
21617203
21617970
21618252
21618684
21619558
21620085
21620096
21623805
21628076
21629199
21630607
21631368
21632047
21632129
21632470
21632495
21633105
21635612
21635795
21636200
21636932
21637144
21638058
21638118
21638851
21638907
21640442
21641152
21642808
21642809
21644125
21644285
21645048
21647570
21647629
21647642
21649563
21651658
21656103
21656119
21660408
21660610
21660622
21660927
21663544
21664022
21664145
21664760
21665187
21665490
21666589
21666785
21667223
21671910
21672290
21674466
21674924
21675053
21675825
21677599
21683436
21685797
21688100
21689570
21691850
21692220
21692331
21692358
21693083
21693084
21693085
21693086
21693089
21693210
21693224
21694660
21695380
21696101
21696877
21698567
21700923
21704625
21704794
21704800
21704801
21704944
21705030
21705888
21706831
21706852
21707269
21708813
21709652
21709719
21710374
21712268
21712276
21712482
21717037
21718271
21718921
21719450
21719622
21721221
21723003
21724300
21724314
21724900
21725781
21726855
21727093
21729037
21730231
21730803
21732846
21733178
21733341
21733781
21733891
21734439
21736245
21737952
21738260
21739219
21739297
21739342
21740133
21740136
21743327
21745174
21746713
21747190
21749639
21751001
21751041
21751592
21751668
21751729
21752826
21753170
21753222
21755864
21757485
21762234
21762441
21762465
21762835
21763051
21763832
21763853
21764251
21765153
21765159
21769820
21770717
21770758
21770759
21771202
21771979
21772197
21774265
21775200
21775201
21775730
21775743
21777327
21777716
21779964
21780071
21783045
21783391
21784746
21787740
21787894
21788263
21789783
21790744
21792047
21792617
21793293
21795016
21795963
21796026
21796352
21796353
21796427
21797896
21797897
21798421
21798447
21798528
21800694
21801266
21802878
21802886
21804774
21806356
21806425
21806426
21806438
21806439
21806440
21806441
21806442
21806443
21806444
21806445
21806446
21806447
21808207
21809108
21809600
21810702
21810747
21810815
21810923
21813140
21815538
21817119
21818372
21818916
21819006
21819232
21819288
21819684
21820261
21822748
21824428
21825216
21826060
21827987
21828952
21831076
21831960
21832962
21833298
21835323
21837741
21839449
21839974
21840765
21840766
21841201
21841596
21842964
21844155
21845490
21846638
21847710
21848044
21848969
21849823
21849838
21849845
21849846
21851467
21851492
21852615
21854972
21855747
21859164
21862148
21862157
21863271
21864480
21865122
21865959
21867564
21867664
21870145
21870474
21870900
21872472
21876461
21877553
21878827
21881686
21881689
21882132
21882157
21882989
21883900
21887511
21887908
21888023
21888279
21890823
21891959
21894778
21894812
21895833
21899382
21899987
21901857
21902460
21903600
21905387
21905450
21905532
21906532
21908471
21910102
21911197
21911807
21914420
21916108
21916853
21918329
21919887
21920208
21920536
21920882
21921449
21922721
21923924
21924072
21924278
21925079
21925335
21926523
21926883
21926884
21928183
21930399
21930450
21930593
21930834
21933756
21934184
21934277
21939010
21940012
21940616
21940620
21940839
21941440
21944152
21945334
21946227
21946338
21946362
21946372
21946825
21947536
21947907
21947939
21947987
21948352
21948727
21948902
21949517
21950023
21950185
21950340
21951008
21955300
21955536
21955872
21956151
21956447
21956717
21958591
21959068
21959618
21959726
21959940
21961429
21961539
21961575
21964351
21964753
21964767
21965809
21966993
21967355
21967356
21967777
21967881
21968043
21968381
21968592
21968850
21968857
21968979
21970087
21971695
21971739
21972624
21975266
21975505
21975857
21977167
21979995
21981102
21981698
21982156
21982318
21982557
21983650
21984030
21984310
21984424
21985042
21985403
21985495
21986141
21989065
21989600
21989843
21993832
21995172
21996180
21996181
21997663
21998732
21999415
22000181
22000265
22000317
22000971
22001027
22001712
22002819
22003217
22005247
22008499
22010161
22010430
22010451
22010458
22010460
22010462
22010467
22010468
22013141
22014998
22016263
22018684
22018824
22019645
22019650
22019866
22020245
22026551
22028524
22030715
22030848
22032040
22032112
22032663
22032666
22032667
22032669
22032671
22034718
22035069
22036839
22036938
22037085
22037101
22037386
22038015
22038617
22039612
22039613
22039694
22040736
22041370
22041386
22041606
22042301
22043895
22044368
22044533
22045249
22045364
22046292
22046836
22048937
22048993
22051364
22052622
22053441
22054621
22054641
22056548
22062400
22065006
22066253
22067087
22067373
22067823
22068006
22068070
22069891
22070480
22071383
22072007
22072414
22073438
22073869
22073941
22074320
22077248
22078296
22078722
22078855
22078856
22078972
22080003
22080490
22081041
22081100
22082899
22083009
22084277
22084357
22085249
22086879
22088921
22088942
22089405
22092212
22099197
22099785
22099804
22099808
22099814
22099885
22100063
22100947
22101994
22102147
22104516
22104692
22106611
22106762
22108392
22109735
22110624
22110641
22111167
22111368
22111647
22112434
22112747
22113764
22115873
22115930
22117829
22117975
22120266
22120338
22120369
22120381
22120389
22120395
22120870
22123317
22123484
22125099
22126230
22126671
22127539
22129281
22129289
22129809
22131038
22131129
22131584
22134104
22136016
22137530
22138476
22139386
22139877
22140021
22144601
22144634
22148273
22149327
22150174
22150524
22150919
22151678
22152497
22154446
22155259
22158281
22158527
22159059
22165656
22167918
22168527
22170295
22172767
22173492
22174942
22175100
22176146
22176962
22177251
22177744
22177813
22177927
22178796
22184780
22186148
22186634
22188510
22188882
22188886
22188987
22188994
22190559
22191105
22192723
22193696
22194250
22194424
22194814
22196982
22197975
22198103
22198403
22201017
22203808
22204243
22206215
22206694
22207648
22209065
22209660
22210428
22211576
22215142
22216933
22217253
22217310
22217519
22217889
22217892
22217898
22217960
22218274
22218471
22220726
22221226
22221726
22225523
22225959
22226302
22226687
22226806
22227499
22230230
22230318
22230357
22231307
22231871
22231948
22232025
22232136
22236798
22237216
22237584
22237650
22238986
22243744
22243990
22244320
22245277
22247273
22248476
22249483
22250867
22251854
22253458
22254653
22255149
22257515
22258894
22260977
22261925
22263393
22265096
22265361
22265882
22266198
22267342
22268090
22269252
22269460
22269734
22274960
22275485
22277244
22277959
22280372
22281226
22281385
22284067
22284256
22285420
22286303
22287214
22289544
22291673
22292975
22295915
22296564
22298301
22300400
22302179
22302277
22302459
22302856
22303705
22303738
22303858
22305367
22307381
22307494
22308583
22308737
22311870
22313073
22314763
22314980
22315207
22317932
22318464
22318881
22319864
22321030
22322650
22322676
22322677
22322687
22322795
22323616
22323758
22324217
22327092
22327163
22327502
22327567
22327714
22328741
22329199
22329789
22330418
22330703
22331040
22331041
22331415
22332186
22332452
22332679
22332835
22333679
22333907
22334112
22334348
22334827
22334828
22335081
22335246
22337155
22338304
22338865
22338979
22341672
22343587
22343885
22348340
22348920
22352008
22353986
22354797
22355326
22355392
22355903
22357422
22358231
22360061
22360159
22360525
22364657
22364983
22365269
22366352
22366583
22366927
22367508
22367575
22367751
22367832
22367927
22367993
22368291
22370246
22371518
22372109
22372724
22375077
22375358
22375973
22377810
22379876
22380463
22380959
22381306
22381309
22381730
22382559
22383456
22383978
22385083
22386039
22387139
22387239
22387271
22387753
22388341
22390308
22390706
22390876
22391000
22391418
22391928
22393179
22397039
22397714
22399740
22400405
22403121
22403501
22403565
22404063
22404153
22404318
22404747
22404804
22406025
22407274
22408297
22409633
22409808
22410033
22410412
22410427
22410696
22410826
22414040
22415156
22416882
22417026
22417047
22417321
22417947
22418055
22419148
22419149
22421132
22422503
22422896
22423345
22424360
22424941
22425838
22425866
22426665
22426670
22426812
22427080
22427081
22427954
22431380
22432210
22433038
22434334
22436245
22436247
22437616
22438874
22440934
22441689
22441690
22442962
22443253
22445680
22445815
22447956
22448299
22448301
22449807
22450592
22451297
22453650
22454272
22454603
22455357
22455635
22457428
22458156
22458723
22458856
22459631
22459868
22460852
22460853
22460967
22461053
22462351
22462367
22462703
22462707
22464080
22466536
22466912
22466916
22467114
22468979
22469688
22469690
22472013
22473629
22475844
22476770
22476869
22476994
22482334
22483131
22483521
22486209
22486804
22487435
22487926
22487991
22490459
22490610
22491556
22491621
22491648
22491696
22491807
22491938
22492188
22493146
22494238
22494916
22495796
22498433
22499526
22503467
22503570
22504046
22504099
22504782
22504856
22505235
22505293
22509952
22510089
22511095
22511167
22511247
22511657
22511800
22512132
22512486
22513351
22515130
22516060
22518055
22519305
22520584
22521969
22522438
22522759
22523828
22524766
22524770
22527083
22527382
22528275
22530974
22531944
22532643
22533115
22534483
22534964
22536827
22537333
22537515
22537956
22538772
22541983
22543036
22543046
22543492
22544764
22545670
22547039
22548372
22549100
22549350
22550266
22550895
22551679
22552140
22552394
22552737
22554905
22558870
22558896
22559892
22559893
22560111
22560638
22564567
22565559
22565624
22565633
22565936
22565938
22566338
22566339
22569029
22571420
22571687
22572533
22572640
22575174
22575298
22575302
22576312
22578175
22581734
22582474
22582483
22582489
22583165
22583594
22583942
22585435
22586384
22588342
22588456
22590753
22591876
22592197
22592840
22593076
22593753
22594351
22594371
22595863
22595864
22596087
22606874
22607167
22607198
22607919
22607984
22608340
22608586
22609869
22610156
22610268
22610583
22611211
22611235
22611834
22611907
22613631
22615333
22616735
22616976
22623397
22626487
22626661
22628059
22628451
22629375
22630141
22631582
22632775
22633100
22633312
22633314
22633719
22634487
22641493
22641983
22641986
22642198
22642221
22643759
22644284
22644493
22645057
22645417
22646969
22647145
22647388
22647411
22647682
22647963
22647964
22650144
22650252
22651688
22652516
22654511
22660210
22660998
22661002
22661349
22664134
22664285
22664793
22664997
22665568
22665728
22665995
22668125
22668662
22668670
22668823
22669890
22669927
22670425
22670591
22670627
22670781
22672857
22674097
22674953
22677748
22677885
22679157
22679254
22680316
22682056
22682714
22683113
22683748
22685941
22687166
22687184
22688116
22690530
22690570
22690595
22690602
22691418
22691842
22693327
22693887
22693937
22694210
22694305
22696266
22698593
22699592
22700361
22701008
22701030
22706988
22707599
22707656
22707676
22708958
22709474
22710586
22710780
22711756
22713186
22713393
22715072
22716986
22716987
22718410
22718438
22718723
22721412
22721645
22721652
22723134
22724128
22725684
22727917
22728294
22728745
22729146
22729246
22729333
22730734
22732282
22734085
22735088
22735248
22735250
22737694
22737831
22738766
22739206
22739942
22743719
22743844
22744238
22745276
22745618
22747874
22748313
22749302
22749486
22749489
22749556
22753456
22753674
22753867
22757634
22759403
22760831
22761488
22762784
22762934
22763145
22763190
22763276
22763834
22764395
22764617
22765969
22766731
22766998
22767676
22771273
22772414
22772839
22773724
22773851
22774491
22774588
22776531
22777604
22778173
22778185
22782987
22783001
22784138
22784139
22785047
22785333
22785359
22786839
22788547
22791071
22791189
22791657
22791782
22793065
22793161
22794497
22795141
22795346
22795349
22795767
22795990
22797206
22798089
22798289
22802598
22803226
22805736
22809812
22813399
22814535
22814543
22815079
22815090
22815554
22816201
22818365
22821112
22821117
22822111
22823871
22824722
22824728
22824928
22825528
22826697
22826807
22831757
22831789
22833758
22833759
22834415
22835823
22835973
22836455
22836673
22838116
22839586
22839671
22839716
22841191
22841267
22844818
22845422
22850107
22850495
22854232
22854236
22854771
22855113
22857875
22858148
22858713
22858864
22859334
22859443
22859571
22861373
22863884
22865314
22867828
22867908
22867914
22869686
22869831
22869910
22870734
22872657
22872881
22873536
22875877
22875980
22876309
22878409
22880098
22883049
22884408
22884530
22885329
22885530
22886789
22888150
22889779
22890925
22891928
22892778
22892921
22893463
22896579
22897428
22897692
22898535
22898735
22900815
22901789
22901884
22902247
22902963
22903981
22906615
22907111
22908021
22908551
22914560
22915164
22915171
22915261
22915697
22918218
22920008
22920009
22920562
22920765
22922552
22922623
22922829
22923528
22925417
22926867
22927477
22927685
22928842
22930714
22931101
22931210
22932151
22932993
22935194
22935570
22935571
22936036
22937351
22939198
22940145
22941705
22942374
22943279
22944089
22944577
22945181
22946355
22947529
22947628
22948331
22948586
22950274
22951508
22951662
22953545
22953653
22955240
22959108
22959338
22959392
22962048
22962874
22963054
22964445
22967715
22969264
22971970
22972872
22973006
22973503
22974906
22974950
22974951
22974957
22975468
22975854
22977320
22977968
22979922
22981659
22983869
22985534
22985757
22986327
22987075
22988599
22989701
22989804
22989840
22989900
22989903
22990425
22990877
22991820
22991981
22993424
22993731
22993926
22994450
22994654
22995378
22996581
22996794
22996936
22998844
23000363
23002155
23002688
23006877
23006878
23009212
23010701
23014863
23014865
23015349
23015637
23016623
23016829
23017334
23017737
23019408
23019740
23021580
23021816
23022643
23022856
23023049
23023119
23023164
23023890
23024336
23026573
23026862
23026927
23027107
23027165
23027226
23027469
23029725
23030057
23031473
23033168
23034776
23034906
23034909
23035157
23035538
23035628
23036526
23037469
23038691
23040497
23041068
23043397
23044281
23044373
23044427
23046517
23046914
23048080
23048082
23048083
23050529
23052904
23053358
23053427
23053433
23053924
23055468
23055789
23055963
23056012
23057227
23057405
23059351
23059515
23060246
23062584
23062605
23062819
23063207
23063293
23063675
23063709
23064372
23064391
23065494
23066578
23066613
23066618
23066983
23067532
23070599
23073708
23074844
23075027
23075263
23076097
23076782
23082644
23082645
23082653
23083538
23084457
23088006
23088078
23089259
23089263
23092571
23092896
23093298
23093913
23093993
23093994
23094103
23094885
23095177
23095543
23095656
23095983
23096070
23098386
23098545
23099545
23099847
23101130
23102742
23102910
23103189
23103886
23106288
23106898
23107272
23109029
23109243
23109778
23110292
23111310
23112963
23114818
23114957
23115256
23116641
23117458
23117900
23118086
23119119
23120613
23121111
23121471
23123181
23123346
23124146
23125128
23127303
23127354
23127374
23128101
23128163
23128970
23129545
23129622
23129818
23129819
23131286
23131972
23132191
23132398
23134422
23136160
23136332
23139368
23144014
23144217
23144353
23145191
23146372
23146497
23146498
23146527
23146879
23148350
23149025
23149045
23149878
23150141
23151249
23153208
23154856
23157538
23157661
23157800
23157801
23158573
23158894
23161203
23161616
23162033
23162522
23163714
23164058
23165136
23165673
23165674
23165868
23167971
23168013
23168291
23168657
23170820
23172705
23172868
23172900
23172904
23174860
23175004
23177453
23177571
23177701
23177757
23178867
23179150
23180195
23180435
23180533
23180534
23182003
23183078
23183859
23185007
23185489
23187061
23188382
23189392
23189888
23190911
23192582
23192583
23192584
23192725
23193039
23194238
23196443
23196561
23196736
23197676
23198786
23199029
23199533
23201609
23203174
23204496
23206122
23207132
23209262
23212253
23213492
23217530
23217696
23217697
23218057
23218198
23218501
23219218
23220057
23220716
23222106
23222114
23222143
23225129
23225188
23226750
23226891
23228195
23230314
23230634
23230844
23232156
23234501
23234535
23236029
23236083
23236379
23239782
23243948
23245721
23246073
23246200
23246387
23246392
23246983
23247682
23248068
23248507
23248843
23250683
23251225
23252508
23254571
23255826
23255830
23258198
23259257
23260187
23260191
23260713
23261146
23262256
23263016
23263581
23267191
23269397
23272463
23272517
23272519
23272766
23273504
23273728
23273744
23274366
23274375
23275108
23275594
23277434
23278317
23279186
23279738
23280607
23280802
23282320
23284064
23286503
23287617
23287707
23288233
23288265
23288795
23289269
23291146
23291205
23293170
23294947
23295611
23295724
23295836
23296628
23298713
23298817
23300073
23302033
23302392
23302550
23302615
23302626
23303855
23305267
23305349
23305462
23306814
23307010
23310943
23311319
23311833
23313422
23313527
23314181
23314200
23314582
23315151
23316593
23317600
23318983
23319338
23321432
23321436
23322427
23322681
23323822
23324129
23324141
23324698
23325162
23325241
23325485
23332204
23332611
23332735
23333237
23334516
23338086
23338956
23339997
23340119
23341145
23341221
23341280
23341284
23341285
23342470
23343812
23343814
23344090
23344122
23346278
23347467
23347511
23347713
23348404
23349353
23350938
23351798
23351802
23351803
23352008
23354294
23355225
23355226
23355556
23356171
23356372
23356498
23357281
23357346
23360919
23362532
23363716
23364108
23364222
23364992
23365068
23365071
23366071
23366761
23366874
23366970
23367102
23367864
23369402
23369403
23369404
23370749
23371986
23372147
23372330
23373640
23373850
23373852
23374237
23374358
23375272
23375274
23376825
23377794
23380116
23380125
23380126
23380286
23381230
23381360
23382321
23383122
23383853
23384251
23385095
23385102
23385107
23389103
23390123
23391655
23392961
23393862
23393863
23394934
23395412
23397667
23398110
23398643
23398742
23398831
23399329
23402682
23402867
23403267
23405173
23405242
23405514
23406284
23406867
23407629
23407632
23408450
23410778
23411048
23411702
23411714
23414189
23414416
23415077
23415579
23415840
23418293
23418517
23419337
23423178
23423179
23423672
23425678
23429802
23430093
23430096
23430726
23432125
23432497
23432594
23432615
23432844
23433510
23434747
23435337
23436117
23436890
23437699
23438091
23438523
23438524
23439592
23441629
23442019
23443736
23443907
23444250
23444896
23449240
23450502
23451218
23451762
23454437
23454796
23457892
23457952
23458658
23459179
23460587
23460665
23460826
23461403
23461994
23462249
23462345
23462843
23464380
23465174
23465235
23465463
23467749
23467969
23469462
23469704
23471020
23472007
23472392
23472633
23472767
23472788
23473238
23473634
23477301
23477874
23478089
23478090
23478185
23479244
23479480
23479481
23480344
23481445
23485054
23485347
23487781
23489170
23489238
23489526
23489527
23489797
23490229
23490579
23493181
23497021
23498560
23500259
23500274
23503401
23503657
23503828
23504486
23506054
23507181
23507466
23509162
23510366
23511356
23512273
23513280
23515102
23515607
23515829
23517301
23519175
23519436
23519753
23522323
23524471
23524602
23526075
23526139
23526742
23526748
23528763
23529536
23531402
23531759
23534182
23535044
23535209
23535219
23535389
23538375
23539235
23539384
23539488
23540268
23540726
23541005
23541007
23541295
23541888
23542103
23542104
23542111
23542540
23542558
23542731
23544730
23545318
23545512
23545617
23546022
23546491
23546541
23546736
23547421
23547875
23548357
23548378
23549121
23549627
23549800
23549801
23550742
23550795
23551634
23553148
23556530
23557255
23557916
23558268
23558700
23559296
23561058
23561243
23561945
23564579
23566171
23568682
23570917
23570921
23571322
23574151
23575723
23575789
23575790
23575796
23576644
23578052
23580598
23581267
23581960
23582676
23583057
23583060
23584374
23584392
23584493
23584826
23585066
23585326
23586818
23587144
23587627
23588544
23588545
23588599
23588891
23589636
23589644
23589990
23590384
23590685
23592816
23593776
23594725
23594931
23597405
23597700
23599968
23600660
23601923
23602760
23603444
23603804
23604581
23606397
23607227
23607244
23607834
23608397
23609279
23609882
23610154
23612218
23612757
23614671
23615478
23615865
23616159
23616754
23617836
23618364
23619740
23620219
23622620
23623286
23623363
23623670
23623890
23625735
23627555
23627735
23631272
23631430
23631550
23632009
23633162
23635903
23637425
23639502
23639837
23640148
23640539
23641495
23641961
23641996
23642601
23642855
23643626
23643706
23644781
23645509
23646207
23647535
23648127
23648898
23652461
23652709
23653915
23656772
23656993
23660345
23662781
23663284
23664000
23665371
23666956
23667222
23667452
23668068
23668775
23668803
23670025
23670502
23671348
23672363
23672365
23672579
23673126
23676101
23676609
23678629
23678770
23679902
23679905
23680383
23682042
23683119
23683459
23684861
23686106
23688445
23690227
23690525
23691872
23694886
23696219
23696584
23697200
23697201
23698543
23701252
23701271
23701932
23702077
23702150
23702693
23704432
23705565
23705567
23705894
23706644
23708223
23710646
23710712
23711198
23712041
23712507
23713210
23713657
23713681
23715136
23715222
23718164
23719527
23720463
23723446
23724940
23726563
23726564
23728070
23729693
23731262
23732164
23732165
23732166
23733387
23733938
23735490
23735519
23735520
23735521
23736068
23736077
23739652
23740421
23740891
23743173
23743321
23744246
23747073
23747956
23749195
23749775
23749837
23750664
23750755
23754214
23758492
23758540
23758665
23758799
23760688
23760693
23760730
23763793
23764146
23765089
23767211
23768029
23768031
23770276
23770277
23770278
23770601
23772513
23772592
23773500
23774047
23774155
23774850
23775145
23775559
23777023
23777142
23777361
23778263
23778649
23780824
23781834
23781971
23782232
23782666
23784534
23784716
23785166
23786332
23786368
23786905
23787519
23789863
23789870
23790787
23791062
23791345
23791429
23791587
23791606
23792112
23792536
23796628
23796814
23797317
23797441
23797443
23797444
23797949
23799380
23801511
23803161
23803340
23803573
23805576
23808084
23809320
23809681
23810352
23810353
23810895
23812832
23814007
23814166
23814996
23815303
23816631
23816899
23817256
23817435
23817827
23818102
23819221
23820111
23820434
23821319
23823267
23823330
23825412
23827416
23828069
23828108
23830186
23830342
23831250
23831341
23834893
23834915
23835099
23835945
23836424
23837089
23837090
23837091
23837548
23837940
23838126
23839325
23839710
23842916
23844932
23845894
23850085
23851192
23855068
23855225
23855226
23856152
23856173
23856480
23857108
23857109
23857423
23858246
23859108
23859292
23859924
23860141
23860665
23860667
23862295
23863209
23863223
23865395
23866791
23866994
23867173
23867365
23869456
23869535
23870331
23871679
23872689
23873660
23873974
23875827
23876692
23877068
23881615
23882917
23884425
23887458
23888392
23889356
23889903
23890659
23891723
23894769
23895992
23896055
23896724
23896743
23897878
23900708
23903264
23903672
23905696
23906560
23909006
23909020
23910501
23910512
23912570
23914037
23915025
23915309
23916739
23917010
23918559
23918583
23919973
23921098
23921570
23922306
23923531
23923532
23924270
23924313
23927719
23927814
23927942
23927955
23928068
23928079
23928101
23929406
23929573
23930409
23932189
23932383
23932702
23933239
23933849
23933860
23933997
23934324
23934408
23934851
23935157
23938277
23939034
23939533
23939580
23939634
23940239
23940340
23942408
23944211
23944325
23945005
23947516
23948029
23948628
23951942
23952849
23953319
23953519
23953625
23953774
23954666
23955262
23957261
23958051
23959667
23959839
23960048
23960458
23962503
23962968
23963523
23964225
23964493
23965006
23965209
23968563
23969561
23970902
23972136
23972631
23972819
23973090
23975525
23977030
23977791
23977867
23978083
23982193
23982792
23986685
23986694
23989091
23990454
23990455
23990600
23992559
23992679
23993263
23993657
23995983
23996804
23998396
23998459
23998806
24000846
24001409
24002309
24002314
24004124
24005542
24007222
24007625
24007872
24008603
24008604
24010383
24010781
24013572
24016542
24016694
24018158
24018506
24018544
24018962
24021849
24025053
24025059
24025063
24025064
24025466
24026717
24027145
24030172
24030761
24033747
24033841
24034054
24035171
24035769
24036387
24036691
24037728
24040778
24041454
24041980
24042153
24043479
24044118
24045471
24046135
24046437
24047810
24048698
24048699
24049132
24051229
24053033
24053495
24054443
24055198
24055539
24057329
24057346
24058183
24058308
24058669
24059624
24060111
24060332
24060798
24061599
24062130
24063875
24064080
24064330
24065011
24065132
24065325
24065459
24068443
24070260
24070318
24070982
24072054
24072450
24072485
24072541
24075634
24076243
24076342
24077385
24077426
24078670
24080068
24081276
24081837
24081963
24083866
24084148
24084353
24084608
24085718
24085824
24086365
24088088
24088089
24088575
24092526
24092865
24094565
24094618
24094865
24096068
24097316
24097322
24101284
24101314
24102132
24102866
24104529
24104590
24105303
24106650
24107113
24108231
24110002
24110182
24110479
24110496
24110952
24111105
24111184
24111389
24111729
24112331
24112540
24112785
24114074
24115197
24116729
24118355
24118835
24120994
24125771
24126990
24128600
24128810
24131554
24132117
24132139
24132567
24134534
24134739
24134791
24135012
24135209
24136274
24139556
24140517
24141274
24142035
24142569
24143813
24143892
24144260
24144517
24144974
24145390
24146363
24146606
24147812
24148669
24148975
24149008
24150976
24151753
24153416
24156175
24156261
24156994
24157265
24158165
24158255
24158900
24159009
24159352
24161294
24165042
24165108
24166964
24167208
24168335
24169011
24169340
24169368
24170632
24171334
24175493
24176173
24176555
24180209
24182906
24183238
24187780
24188426
24189641
24189874
24189875
24190044
24190159
24191250
24192425
24195181
24195685
24196090
24196091
24196095
24196780
24198290
24198339
24200036
24200926
24201303
24201855
24201980
24201989
24201993
24204231
24206574
24206893
24209988
24210853
24215053
24215448
24215779
24216175
24216382
24217306
24217875
24218687
24223233
24224285
24225389
24226812
24231569
24232124
24233817
24235086
24236657
24237006
24239341
24239440
24239842
24240025
24245527
24245929
24247875
24249472
24251170
24254345
24259326
24260491
24261200
24261209
24261410
24261561
24261713
24262739
24265144
24265212
24265537
24267814
24269073
24269410
24273727
24275063
24280311
24280765
24282545
24283705
24283759
24285693
24286294
24286711
24286857
24286871
24287359
24287689
24287759
24290750
24291773
24291995
24292538
24293554
24294723
24294815
24296541
24296608
24297764
24298588
24299261
24299262
24300278
24300471
24300473
24301493
24303530
24304462
24309874
24310469
24310852
24311403
24312041
24312048
24313063
24314951
24314961
24314966
24314983
24319040
24320706
24322991
24323968
24324837
24325018
24328423
24328804
24329674
24333616
24334041
24334523
24335446
24335719
24336046
24336948
24337329
24337530
24338146
24338541
24341562
24341880
24342329
24343075
24343079
24343112
24343155
24343185
24343241
24343536
24343537
24343729
24344411
24345114
24346393
24347010
24350688
24357224
24358734
24358830
24359094
24359249
24360080
24361675
24362744
24365153
24365154
24365207
24365677
24365763
24366223
24367303
24367818
24368183
24368358
24371393
24373939
24374964
24377376
24377396
24378405
24382255
24382617
24382620
24382833
24388071
24388490
24391336
24391337
24393519
24393827
24394693
24394973
24395352
24395878
24396876
24398070
24398160
24399172
24399950
24399961
24400312
24400343
24400668
24400933
24401791
24401915
24402022
24402372
24403317
24403318
24403876
24405294
24406537
24407134
24407542
24408594
24410106
24410125
24411570
24412058
24412464
24412644
24413075
24413880
24414252
24415400
24417236
24417935
24419978
24419984
24422930
24422931
24424020
24425121
24425548
24425753
24427815
24427922
24429461
24429640
24429759
24429760
24429941
24431169
24431442
24433516
24434886
24436284
24439092
24439496
24440735
24440890
24443034
24444200
24446056
24446461
24447604
24447994
24448441
24449137
24451695
24452309
24452769
24453267
24454537
24455474
24456622
24459040
24460568
24461272
24461599
24461612
24461669
24461670
24461671
24461965
24462027
24462574
24463705
24463859
24463943
24463944
24463988
24464830
24465538
24466719
24467485
24468123
24468417
24468480
24468685
24469879
24470043
24470710
24471392
24472735
24473409
24475298
24475614
24476384
24477742
24478266
24480455
24480515
24480910
24481020
24483009
24483026
24484081
24484569
24485439
24487802
24488913
24489075
24490645
24491621
24491889
24491976
24492449
24494358
24494742
24495745
24496179
24496894
24497667
24499176
24499177
24500223
24501073
24501183
24503760
24508049
24508051
24508608
24509179
24509430
24511579
24514919
24515670
24515689
24516869
24516931
24518146
24518183
24519204
24519924
24521765
24522085
24522760
24522878
24524612
24524721
24524774
24525431
24525702
24526192
24527427
24527996
24528887
24530701
24532199
24532621
24532734
24532807
24533781
24534013
24536053
24547934
24548525
24548671
24548768
24550410
24551418
24552617
24553508
24555255
24556476
24556562
24556655
24556659
24556660
24557024
24557856
24557975
24559484
24561417
24562597
24564632
24565882
24567422
24568233
24568769
24569450
24570364
24570365
24571596
24571687
24571834
24574504
24574547
24574549
24574989
24576115
24576382
24577880
24579242
24579443
24580104
24580536
24581839
24581882
24582127
24582854
24583587
24585648
24585842
24585915
24589251
24590036
24590037
24590150
24597153
24597425
24598393
24598571
24600213
24600485
24602130
24602999
24603937
24604505
24604683
24604793
24604842
24605174
24608020
24612348
24613712
24613735
24615808
24616529
24616948
24618294
24619817
24622161
24622467
24623540
24623547
24624518
24624635
24626116
24628098
24629180
24630168
24630737
24632550
24632901
24633040
24633108
24633236
24634050
24636220
24636722
24636925
24640188
24640750
24642490
24642509
24642835
24644305
24647958
24648176
24648186
24650076
24650122
24652382
24654656
24654738
24655034
24655307
24655334
24659547
24661071
24665663
24666545
24667455
24668513
24668780
24669455
24670537
24671373
24672602
24673276
24674333
24674835
24676098
24676378
24679225
24679415
24679481
24679687
24680101
24681945
24683843
24685212
24689441
24690369
24690398
24691617
24691618
24691620
24692109
24693565
24694402
24694403
24695262
24696906
24696920
24696921
24698036
24698219
24698464
24698512
24698543
24698972
24700256
24701727
24702200
24703418
24703921
24704406
24704661
24705834
24706012
24707523
24708486
24709179
24710680
24711058
24711088
24711100
24711481
24711766
24712721
24713746
24714682
24714795
24717304
24718963
24719168
24721841
24721857
24721861
24724329
24724331
24724337
24724341
24724450
24724527
24725283
24726039
24727308
24727311
24728087
24728203
24729095
24729111
24729241
24730050
24731746
24732255
24732298
24733575
24733913
24734396
24734450
24736307
24739905
24740095
24742613
24742653
24742985
24743226
24743546
24743807
24743920
24745874
24746174
24746175
24746276
24746783
24747060
24747464
24748261
24750195
24750276
24752289
24752722
24755514
24755766
24756383
24757892
24759488
24759633
24760205
24760270
24760804
24761591
24761592
24761594
24761596
24761597
24761600
24761601
24762808
24763838
24765813
24765895
24767393
24768669
24770685
24771459
24772594
24773869
24774364
24774391
24781340
24781653
24783592
24783610
24786815
24786816
24787552
24788801
24789585
24790074
24791408
24791557
24794691
24796411
24796438
24798343
24798778
24800722
24801451
24802253
24805895
24805948
24807680
24807763
24809954
24811188
24811585
24812083
24813828
24814459
24815125
24815128
24815135
24815873
24820355
24820465
24820617
24821157
24821828
24822332
24825560
24827652
24830186
24830769
24836500
24836784
24837084
24837613
24838360
24839700
24841698
24842125
24842367
24843996
24844322
24845923
24845924
24846039
24846356
24850082
24850458
24851483
24851961
24852800
24853856
24857350
24857761
24857808
24859167
24860147
24862517
24862897
24863103
24863464
24865260
24865267
24865268
24865269
24865802
24873764
24873809
24877054
24877591
24878060
24879449
24881012
24881013
24881893
24881894
24881965
24882044
24882530
24882540
24883321
24884560
24884924
24885720
24886592
24888864
24889575
24890550
24890931
24891146
24891543
24891941
24894277
24895020
24898287
24898329
24899334
24901326
24901651
24902981
24905537
24906609
24907188
24907956
24908762
24908950
24911058
24911192
24911332
24911444
24912739
24913784
24914397
24914636
24915148
24915846
24918972
24919330
24919738
24919971
24920582
24922448
24922449
24925119
24925565
24926250
24926612
24926722
24927475
24927558
24927630
24927985
24928226
24928237
24929771
24930366
24930369
24930370
24930655
24931455
24933455
24934052
24934139
24935802
24936420
24936429
24938218
24938796
24939472
24939780
24940568
24941941
24943139
24945993
24947997
24948082
24948113
24950661
24951556
24952444
24952445
24955065
24956161
24957584
24964119
24964372
24965312
24967472
24967538
24969443
24969683
24970345
24972058
24972059
24972547
24973344
24974509
24976344
24978417
24978418
24978419
24978420
24979500
24979748
24980488
24981668
24981785
24984429
24984430
24984431
24984710
24984718
24986726
24986728
24987035
24987036
24989710
24990021
24990026
24990831
24990833
24990839
24991658
24993462
24995440
24995461
24995490
24997443
24998039
24998856
24999392
24999577
24999972
25000504
25000798
25001037
25002173
25002841
25003654
25003916
25004549
25005880
25006909
25008253
25009131
25010536
25010782
25011383
25012007
25012104
25013885
25014063
25019660
25022043
25022107
25022169
25022620
25023383
25026910
25027483
25027769
25029162
25029163
25029276
25029668
25031230
25033028
25033596
25035177
25036325
25038190
25039634
25040353
25042646
25042655
25042694
25042885
25043360
25044597
25044934
25046284
25046285
25046286
25046287
25046288
25046289
25046290
25046291
25046292
25046293
25046294
25046295
25046296
25046297
25046298
25046299
25046300
25046301
25046302
25046303
25046304
25046305
25048001
25051788
25052132
25052164
25052240
25053264
25054675
25055440
25055586
25055709
25056510
25056846
25058094
25058095
25058216
25059270
25060130
25060639
25062014
25062882
25070585
25070600
25071544
25071676
25072756
25072762
25073689
25076318
25076409
25077461
25078752
25079068
25079974
25080079
25080499
25080547
25082091
25082409
25082743
25083848
25083981
25085509
25085930
25087152
25089725
25091993
25092399
25093537
25095492
25095510
25095708
25097289
25098053
25098436
25099017
25099021
25099510
25099653
25099703
25099854
25100073
25100126
25104078
25107719
25108542
25108833
25109129
25111175
25112081
25112153
25114185
25115207
25119126
25119134
25121595
25121961
25122665
25123109
25127176
25127669
25128093
25128535
25129308
25129591
25129607
25129840
25130125
25130158
25130724
25131014
25131069
25131105
25131108
25131528
25131939
25132200
25132478
25134104
25135731
25136302
25137767
25139704
25139789
25141571
25142490
25142907
25143230
25143231
25145339
25146174
25146747
25147285
25149692
25149949
25149950
25150761
25150784
25151640
25154589
25154673
25155657
25155849
25156837
25157226
25160536
25160566
25160962
25160966
25160968
25161306
25164239
25164409
25164648
25165052
25172088
25172620
25173441
25175898
25179650
25180325
25182542
25186516
25186569
25187999
25189470
25192347
25192593
25193500
25193816
25194588
25197897
25198333
25199193
25201431
25201808
25203649
25204035
25204695
25205279
25205280
25205856
25206347
25209416
25211804
25213843
25214373
25217054
25217058
25217373
25220069
25220070
25220383
25221494
25222117
25224247
25225238
25225384
25226127
25226128
25226403
25228706
25229912
25229919
25233298
25236542
25237734
25238957
25239389
25241220
25243636
25244729
25248238
25248423
25249355
25250594
25250647
25250797
25251761
25251863
25252243
25252519
25253370
25253437
25253449
25253545
25253626
25253627
25257637
25258347
25260422
25260779
25262497
25263131
25264811
25265147
25266612
25266619
25267088
25267299
25267568
25269347
25269689
25270034
25271149
25272571
25274235
25274239
25274593
25274597
25275356
25276772
25277237
25281612
25281613
25281994
25282110
25282459
25286926
25287735
25287773
25287774
25287833
25288688
25289702
25292183
25292267
25292268
25292269
25292270
25292271
25293562
25294128
25295448
25296108
25296768
25296876
25297481
25299499
25300023
25300727
25301928
25302439
25304012
25304074
25304096
25305726
25305774
25307079
25307136
25309611
25310290
25310293
25310786
25311303
25311410
25314987
25315975
25316023
25318225
25318878
25319023
25319135
25319912
25322513
25323315
25324257
25326470
25327396
25329398
25330754
25330933
25331976
25332499
25333386
25333538
25333548
25333595
25333981
25337473
25341608
25341720
25342019
25344388
25344961
25345235
25345388
25345418
25346357
25348219
25349194
25352818
25356410
25359942
25361494
25362957
25363541
25365053
25365440
25367286
25367821
25368589
25371129
25372520
25375186
25375238
25377371
25380848
25380857
25380860
25381041
25381347
25381459
25382318
25382320
25382753
25384331
25385910
25387168
25391254
25393331
25393699
25394441
25394577
25395072
25395482
25398191
25399489
25399669
25400597
25402287
25402299
25402304
25402305
25402339
25402462
25402895
25403304
25403763
25404336
25404369
25405015
25405914
25406137
25406138
25406490
25407746
25410020
25410348
25410497
25412970
25412976
25412977
25412988
25417464
25417479
25419791
25420798
25420799
25420842
25421641
25422698
25422862
25424017
25425254
25427256
25428522
25428604
25428732
25430464
25431794
25432022
25434546
25434884
25434935
25437354
25438747
25438978
25439853
25441246
25441625
25442000
25442843
25443014
25443330
25443752
25443755
25444137
25444350
25444490
25444578
25445243
25445431
25447058
25447580
25447619
25447769
25448794
25449192
25450994
25451384
25452322
25452355
25453473
25453865
25455725
25456695
25458449
25458508
25460168
25460245
25461819
25465816
25466258
25466782
25467732
25468239
25468244
25469601
25473272
25473741
25475038
25475698
25479474
25479834
25480911
25480912
25481074
25481463
25481782
25482728
25485789
25488762
25489009
25491046
25491316
25491631
25492905
25493968
25493974
25494007
25496189
25496985
25497226
25498032
25498033
25498040
25498044
25499876
25501682
25502655
25504946
25505342
25505400
25509056
25511365
25512297
25514721
25514928
25516536
25517138
25517364
25517633
25518513
25518863
25519522
25520310
25520636
25521229
25521809
25522767
25524728
25524736
25525931
25527649
25527655
25528282
25529469
25531628
25533181
25533477
25533542
25534447
25535068
25536812
25537521
25537541
25538741
25539233
25539525
25539781
25539990
25541010
25541428
25542590
25543901
25545078
25545294
25546297
25546432
25548269
25549082
25549847
25549914
25550268
25550271
25551343
25554356
25555323
25555882
25556535
25556593
25557045
25557726
25560507
25561433
25562214
25562215
25563039
25564933
25565598
25566029
25566035
25566561
25567504
25568504
25570103
25570130
25570287
25570571
25570610
25570750
25572950
25572951
25573491
25573644
25575230
25575507
25575984
25576714
25576730
25577227
25578291
25579730
25583044
25583057
25583310
25583616
25585440
25585973
25586492
25586880
25587576
25587581
25587951
25587971
25588461
25591054
25591284
25592272
25593529
25595393
25596831
25598073
25599349
25599946
25599998
25601106
25601222
25604601
25604680
25606839
25607333
25609692
25611655
25612966
25613986
25614170
25615447
25616606
25618205
25619443
25620493
25621880
25622174
25624086
25624133
25624136
25625089
25626346
25627696
25628166
25629259
25629593
25629745
25630090
25630908
25632594
25632792
25637074
25637455
25637786
25637877
25639732
25640571
25641216
25641243
25643214
25643445
25643562
25644421
25644929
25645192
25645711
25646393
25647622
25647776
25647822
25650029
25650390
25651113
25652597
25654113
25654177
25654886
25655148
25657196
25658863
25660251
25663214
25664378
25665274
25667131
25669115
25669235
25669836
25669837
25671243
25671840
25672523
25674746
25675202
25675570
25675593
25676323
25676645
25680319
25681046
25681537
25684414
25685138
25685959
25686849
25687292
25688200
25689746
25691501
25691552
25693169
25693441
25694563
25697297
25698093
25698281
25699626
25700076
25700077
25703387
25703610
25703689
25705844
25706187
25706664
25708686
25711097
25711472
25712007
25712008
25712516
25712793
25716898
25719261
25719444
25719522
25721549
25721947
25722507
25726778
25727749
25728015
25728755
25729998
25730939
25731049
25732447
25732889
25734842
25735032
25735695
25735834
25736069
25737082
25737189
25738593
25739773
25740444
25740512
25741272
25742590
25743032
25743510
25744005
25744078
25744919
25745647
25747625
25747918
25748054
25748868
25748922
25749460
25751292
25752166
25754143
25755057
25757001
25758309
25759352
25759408
25760719
25761371
25762135
25762393
25763568
25766882
25767268
25768850
25768851
25768853
25769176
25769255
25769375
25769572
25771669
25771847
25772075
25772253
25773642
25774089
25775283
25778382
25780881
25784528
25786409
25786466
25787101
25787103
25788882
25790021
25790276
25790377
25794475
25796608
25797615
25797737
25798786
25798890
25799172
25800710
25800801
25802162
25802455
25804248
25804681
25807988
25808253
25808669
25809434
25809739
25810076
25810464
25812265
25814640
25816027
25817846
25818085
25818538
25820493
25823363
25825044
25825092
25827309
25827706
25828124
25828128
25828779
25829316
25830084
25831620
25831703
25831915
25833904
25833905
25837348
25837796
25838358
25839718
25840409
25840540
25840955
25841298
25842276
25845168
25845248
25845320
25845786
25845787
25845788
25845789
25846447
25846530
25847997
25849361
25850229
25850666
25852449
25853719
25854030
25854866
25854869
25858162
25858680
25859906
25860271
25860977
25862110
25863150
25863799
25865110
25865143
25865357
25865582
25866484
25866805
25869342
25869343
25869368
25870919
25872549
25873784
25875024
25875215
25876118
25878182
25878232
25878599
25880206
25880404
25881255
25881774
25881889
25881953
25882254
25883261
25883853
25886006
25886049
25886156
25886898
25887135
25888766
25889264
25889430
25891724
25893211
25893530
25893970
25894180
25894284
25894921
25897169
25897170
25897595
25898887
25899242
25899645
25899735
25900459
25903199
25906176
25906564
25909315
25910760
25911585
25912175
25912200
25912335
25912338
25912580
25912957
25913022
25914633
25914911
25914956
25915721
25916797
25917177
25917768
25918108
25919797
25921335
25921544
25922419
25924041
25925204
25928483
25931188
25932610
25933018
25933227
25934481
25935350
25936708
25940375
25940963
25941200
25943042
25943555
25943847
25943998
25946501
25946886
25948272
25948350
25948436
25948840
25950364
25950493
25951090
25951831
25953014
25954180
25954793
25955118
25957644
25958258
25958263
25958650
25959469
25962186
25962657
25962925
25962975
25963635
25964365
25965600
25965774
25965863
25966266
25966854
25966893
25967083
25967578
25968329
25968609
25968863
25968865
25968866
25969344
25971341
25971617
25973599
25974151
25976662
25976905
25978086
25979377
25979695
25981270
25982189
25985094
25986330
25988034
25990748
25992641
25992750
25993915
25994026
25995701
25995798
25996470
25997383
25999774
26001841
26002492
26003011
26003470
26004321
26004699
26004878
26005177
26005412
26012453
26014009
26017135
26017532
26018392
26020243
26021511
26022008
26022375
26025386
26025864
26026394
26028379
26030338
26030717
26031620
26032227
26033138
26033139
26033566
26035506
26035522
26038874
26040169
26040194
26041794
26041944
26043522
26043551
26047417
26049781
26052028
26053073
26056066
26056284
26057259
26059006
26059340
26060119
26060316
26063388
26069919
26070341
26072009
26074020
26074050
26074464
26074827
26074850
26075528
26076533
26076578
26077050
26078257
26080468
26081017
26083658
26083809
26085602
26085962
26086420
26088498
26088925
26089673
26089784
26090389
26093691
26095548
26095563
26096872
26097023
26097024
26097638
26100156
26100990
26102514
26104062
26104844
26106183
26106539
26106965
26108903
26110486
26111290
26111908
26112052
26112517
26112640
26113020
26113625
26113901
26115032
26116336
26117367
26117462
26119840
26120976
26123281
26123452
26134493
26135487
26136066
26136351
26139754
26140392
26142022
26143337
26144104
26145199
26146555
26147065
26149510
26149558
26152652
26153488
26153981
26156112
26156445
26159245
26159439
26159608
26159609
26159682
26159769
26159999
26160639
26161648
26165144
26165776
26168325
26168376
26168636
26168637
26168716
26170685
26172493
26173345
26174445
26174805
26177756
26181547
26182625
26183757
26183857
26184095
26184808
26185183
26185184
26185956
26186358
26186439
26186686
26187350
26187589
26188248
26188251
26188392
26189486
26191981
26192113
26194499
26194927
26198502
26200034
26200589
26201347
26203818
26204566
26204970
26205443
26205670
26206595
26207415
26208761
26212234
26214097
26216449
26216680
26216684
26216734
26217243
26219657
26219839
26219843
26220987
26222557
26223226
26224463
26224868
26225503
26225929
26228208
26231692
26232050
26232516
26233996
26234233
26235244
26235442
26238851
26238852
26238853
26238889
26241024
26241524
26241808
26242475
26242960
26244723
26244836
26245511
26246339
26248172
26248618
26249232
26249534
26250464
26251260
26253525
26255217
26255499
26255522
26255611
26256896
26259737
26260311
26263737
26264496
26264764
26265973
26266394
26267072
26267105
26267991
26268263
26269576
26272826
26275631
26276161
26277066
26277728
26277987
26278800
26278801
26279391
26282245
26286817
26287448
26288281
26289038
26289867
26289880
26290126
26293208
26293624
26295180
26295448
26295918
26300086
26300720
26301875
26303248
26304205
26304261
26304305
26305914
26306968
26308190
26309062
26311026
26311038
26311500
26312665
26314702
26315359
26315366
26316278
26317367
26317449
26318020
26318259
26318903
26320094
26324761
26324867
26327621
26328795
26331267
26332469
26332558
26332559
26332560
26333951
26334196
26334443
26334555
26335215
26336752
26336907
26339955
26339960
26342395
26342571
26343319
26343610
26344395
26344614
26345534
26346283
26346965
26347235
26348901
26354667
26356106
26359345
26359526
26359934
26360003
26360808
26362384
26362487
26362906
26362995
26363340
26363757
26365635
26365636
26365637
26365638
26365639
26365640
26365641
26366515
26369719
26370369
26370859
26373606
26373912
26373916
26377477
26378081
26378486
26379057
26388589
26388974
26389855
26390076
26391133
26392460
26393335
26393633
26399092
26399676
26400718
26401738
26401745
26401814
26402084
26402792
26403017
26403021
26404450
26404764
26406220
26407094
26409183
26409220
26409404
26409697
26411271
26412137
26412683
26415291
26415681
26416837
26418309
26418393
26423258
26424301
26425370
26425929
26426237
26426240
26426247
26426739
26434087
26436687
26437380
26438669
26438675
26438681
26438771
26440354
26440389
26441362
26441593
26443446
26448995
26449868
26450544
26450569
26452476
26455083
26459578
26462625
26462702
26465529
26465775
26466104
26467801
26468897
26471400
26472120
26472686
26472939
26474391
26475263
26475812
26476508
26480834
26480856
26481030
26481109
26482906
26484837
26484838
26486571
26487290
26487667
26487703
26487709
26488323
26490485
26490777
26491863
26492164
26493673
26494571
26495368
26496476
26497829
26498631
26498755
26499790
26504351
26505844
26506217
26506755
26507105
26507136
26508117
26508698
26509416
26511882
26513970
26516179
26516669
26517188
26517596
26517597
26518089
26518532
26518917
26518944
26519025
26519990
26520167
26521787
26521800
26521906
26522785
26523823
26524707
26525271
26527197
26530412
26531867
26535420
26538271
26538272
26540397
26541854
26542062
26543310
26543814
26543939
26543940
26545818
26546091
26546357
26546845
26547667
26547805
26548443
26549396
26549573
26551437
26551893
26552033
26552554
26553180
26556610
26556611
26558239
26558902
26559732
26561288
26561291
26561296
26561647
26563398
26564283
26566088
26566190
26567031
26573633
26573650
26574542
26574562
26575520
26577224
26578357
26578462
26578505
26578904
26579656
26580692
26580696
26581711
26585557
26585726
26585980
26586028
26588221
26588496
26588602
26589245
26590568
26592488
26592836
26593089
26596551
26596979
26597105
26598038
26598894
26601629
26602307
26602313
26602379
26603080
26603588
26604239
26606511
26608337
26610323
26610376
26611423
26612880
26615579
26616102
26617542
26618404
26620381
26621945
26623651
26623717
26626067
26627895
26629843
26630812
26632106
26635289
26636148
26639923
26640921
26641207
26643104
26643184
26643354
26645063
26645287
26645930
26646178
26646383
26646798
26647402
26647763
26650183
26650494
26652248
26654057
26654376
26660199
26660962
26661094
26663137
26663628
26665326
26666111
26666544
26667595
26669563
26670083
26670376
26673374
26674634
26675795
26676249
26676918
26677890
26678237
26679327
26679411
26680027
26680035
26680037
26680038
26680040
26680090
26680113
26680139
26680551
26680553
26682467
26682847
26683304
26686437
26687433
26689111
26689743
26690065
26693399
26695401
26696818
26697812
26699730
26701328
26703972
26704189
26704301
26704922
26705057
26705564
26705692
26706387
26707298
26708133
26709581
26709614
26710963
26712832
26713070
26715569
26717553
26717911
26718619
26719485
26719912
26720070
26722850
26725645
26725970
26727702
26727875
26730987
26732398
26732419
26736317
26736457
26736654
26736693
26736694
26737116
26737182
26737703
26737805
26737905
26738009
26738043
26739086
26740075
26742239
26742249
26742701
26743479
26744096
26745170
26745220
26745476
26746830
26748540
26749205
26750408
26750409
26751760
26752393
26752811
26753053
26753471
26754782
26754875
26755029
26755452
26755616
26755618
26757317
26757561
26757874
26758709
26759570
26759791
26761464
26761469
26761993
26765455
26766032
26768160
26771792
26771795
26771978
26773989
26774546
26775735
26776297
26776535
26777982
26778591
26778593
26778594
26778992
26779964
26781244
26782200
26782626
26784133
26785093
26785411
26785842
26785843
26787471
26787669
26789734
26791131
26791514
26791527
26792138
26792924
26795928
26795971
26796715
26796968
26800659
26800697
26801471
26802005
26805493
26805557
26806220
26807624
26810326
26810918
26811367
26812597
26813036
26813870
26815189
26817291
26818390
26819224
26819336
26819360
26819433
26820460
26821310
26821501
26822427
26823142
26823388
26825045
26825935
26826565
26826660
26827567
26828668
26829084
26830897
26831020
26832352
26832456
26833302
26833525
26835569
26836906
26837477
26838692
26840461
26841184
26842547
26844673
26847281
26847291
26847485
26848267
26851645
26851815
26851836
26853445
26857329
26857331
26857506
26860724
26861102
26863224
26864185
26865382
26867848
26868816
26871378
26871508
26871897
26873733
26875114
26875133
26879014
26879030
26882241
26883258
26883623
26884093
26884477
26886525
26887559
26890577
26890670
26891888
26893381
26894806
26894814
26896074
26896480
26898034
26899515
26902529
26906198
26906333
26908099
26908358
26910178
26910483
26913734
26914125
26915869
26915886
26918481
26921764
26922509
26922795
26923757
26924279
26924647
26925019
26925743
26925919
26926948
26927689
26928301
26931262
26933782
26934910
26935119
26935387
26935423
26936469
26937010
26937534
26937921
26938444
26939319
26940987
26941012
26941351
26941379
26942650
26943003
26944708
26944873
26945742
26946927
26947113
26947374
26951767
26953550
26955418
26955725
26957290
26957628
26957999
26959665
26963642
26966857
26968164
26968295
26968993
26969136
26969794
26970030
26970235
26971812
26973751
26974201
26976095
26976806
26977620
26978203
26978207
26978782
26980242
26980348
26980685
26984609
26984898
26987568
26987689
26988379
26988694
26989949
26992167
26995001
26995374
26996211
26998484
26999472
26999771
27000013
27000387
27001863
27002260
27002990
27003015
27005719
27009208
27012135
27013023
27013878
27014119
27014813
27015886
27015919
27015924
27016088
27017096
27017714
27017726
27018514
27018536
27018755
27023411
27025853
27026036
27027730
27029044
27029786
27029824
27030483
27030644
27033709
27037102
27038729
27040016
27040761
27043276
27043294
27044352
27044613
27045115
27045131
27045289
27047424
27048423
27050068
27050737
27052954
27054620
27055424
27055425
27055715
27055797
27056650
27059209
27060130
27062236
27062528
27062669
27065021
27065178
27068486
27070466
27071087
27072084
27073247
27073975
27075192
27075193
27075201
27079954
27080072
27083894
27085995
27087634
27089894
27090100
27090424
27091041
27091981
27095749
27096526
27097512
27097647
27097648
27098073
27098171
27099886
27099887
27102243
27102416
27102544
27104141
27107428
27107684
27107766
27108027
27108833
27109965
27109976
27110443
27111243
27111307
27112149
27112652
27112679
27113304
27114177
27116579
27118496
27118597
27118692
27118763
27119381
27121376
27121862
27124568
27125625
27126248
27126301
27127446
27128529
27130251
27131072
27131612
27131916
27131917
27134236
27136406
27136410
27136442
27136717
27137827
27138031
27139698
27140703
27144266
27147145
27147626
27148107
27148913
27149503
27149928
27151226
27154444
27154972
27156083
27156984
27157985
27158101
27159202
27160924
27161531
27162110
27163671
27165629
27165694
27165883
27165894
27165925
27166297
27166842
27167612
27168541
27170053
27172727
27173848
27176059
27177401
27178670
27178856
27181515
27184554
27188269
27189260
27190173
27193126
27193372
27194540
27199695
27200264
27206873
27207168
27207236
27207401
27211803
27211981
27213062
27213805
27213878
27214093
27216625
27216942
27217128
27218443
27218446
27220943
27221275
27224446
27224684
27224686
27226003
27226267
27227269
27228683
27231976
27232914
27232998
27234722
27236117
27237806
27238074
27238279
27238827
27238917
27241267
27243666
27246118
27249337
27251903
27252020
27255265
27256134
27256405
27257650
27259484
27262593
27262616
27262690
27264088
27264214
27264964
27265159
27266662
27267677
27269586
27269667
27269757
27269783
27269953
27273334
27273612
27275771
27278507
27280064
27281055
27286180
27286467
27287002
27287272
27287358
27287406
27287503
27288600
27288602
27288623
27288702
27289293
27293025
27294259
27294843
27295518
27295906
27297773
27298453
27301406
27302390
27303000
27303109
27303250
27303251
27307200
27311557
27312388
27312572
27313796
27315760
27317313
27320600
27320897
27321628
27322402
27323490
27324399
27327772
27328738
27329006
27329093
27329512
27329785
27330978
27332827
27335368
27340754
27342688
27343152
27345596
27346621
27346816
27347261
27347262
27347265
27347266
27349039
27349042
27349579
27349743
27350320
27350372
27350733
27351751
27351772
27351782
27351833
27351866
27352047
27352226
27353180
27356664
27356729
27356735
27357685
27358550
27359335
27362855
27363738
27364043
27364044
27366292
27367788
27367837
27368354
27368365
27369041
27369066
27369097
27374156
27374477
27375072
27375420
27376233
27377219
27377837
27378464
27378893
27379413
27379795
27381373
27383857
27384351
27385408
27385741
27390964
27391989
27392141
27392215
27392642
27392891
27394159
27396539
27397050
27399215
27400367
27400551
27400580
27400599
27401351
27401581
27401738
27402231
27404252
27404674
27410259
27410926
27411239
27411399
27412536
27416857
27417346
27417560
27418195
27422169
27422472
27423292
27424075
27428256
27428662
27434230
27434564
27436452
27436453
27436539
27438111
27438529
27440686
27442666
27444241
27444570
27444639
27444799
27445148
27447483
27448490
27449674
27450096
27450157
27452126
27453037
27455436
27455832
27456178
27457112
27458075
27458993
27459129
27460062
27460305
27460404
27460431
27461323
27461439
27462679
27462896
27466967
27468063
27468522
27468831
27469150
27469527
27472071
27472543
27472544
27472682
27473390
27474692
27477527
27477575
27479548
27479671
27479672
27480262
27480879
27480899
27481263
27482561
27482639
27482789
27482955
27484418
27485455
27486846
27486953
27488219
27489090
27494726
27495816
27496413
27496429
27499482
27499929
27500869
27500871
27501786
27502424
27502462
27503114
27509385
27509389
27515220
27516105
27516403
27516449
27516799
27522276
27522603
27522997
27523954
27525370
27525832
27532678
27535026
27535726
27537745
27537929
27538628
27542167
27542337
27545854
27546761
27547728
27549544
27549551
27550900
27550986
27552236
27553102
27554945
27559833
27562710
27563801
27565184
27565449
27565863
27566755
27566980
27567040
27567425
27567470
27567747
27568016
27569915
27569917
27569919
27569965
27571117
27571572
27571942
27571943
27574925
27574956
27575577
27576237
27576930
27578309
27582079
27582080
27582301
27582722
27585057
27589011
27590217
27592576
27593738
27593970
27594299
27595064
27595481
27596079
27597303
27600003
27601378
27602507
27602907
27603802
27605545
27606612
27606909
27608349
27608701
27608775
27609126
27610586
27610588
27613267
27613312
27613667
27614855
27617689
27617691
27617692
27617853
27618349
27620348
27622575
27623330
27625121
27626950
27627212
27627642
27628607
27629907
27630539
27630591
27631215
27634704
27634711
27634712
27634713
27638057
27638399
27639455
27639602
27641247
27642118
27642476
27642735
27642736
27642737
27642738
27642798
27646343
27647635
27647636
27647696
27648836
27650562
27650747
27651213
27653884
27654398
27655202
27658165
27658654
27662495
27663651
27663784
27664002
27664004
27664985
27665856
27666756
27669490
27670264
27671993
27673076
27676247
27680211
27681167
27686877
27687334
27687412
27692934
27694124
27697300
27698280
27698525
27699849
27702846
27704406
27706193
27711072
27714429
27715330
27716717
27717082
27717736
27717871
27723019
27724931
27726211
27729818
27733439
27733569
27733640
27737717
27737761
27737774
27738402
27738996
27739153
27739276
27741064
27741073
27742309
27742312
27742313
27742317
27742320
27742321
27742325
27742328
27742712
27742713
27743416
27743856
27747448
27748702
27749312
27749675
27751293
27751462
27751799
27752005
27753206
27753508
27753591
27755514
27758849
27760090
27760371
27761288
27765479
27765824
27765864
27766370
27766525
27769684
27770069
27772782
27773729
27776491
27777432
27779097
27780215
27782818
27783736
27784771
27785536
27788615
27788632
27788784
27788786
27788787
27789022
27789310
27793075
27793876
27794486
27796703
27797095
27797317
27797612
27798040
27798055
27798192
27798268
27798400
27798544
27799051
27802940
27804185
27806235
27810793
27811539
27812319
27815001
27815400
27815403
27816063
27817852
27818312
27818367
27819255
27819781
27820782
27821482
27823758
27823924
27830356
27832696
27833233
27833675
27835640
27837370
27837899
27838041
27839635
27839650
27839869
27840005
27840307
27841268
27842229
27846731
27846775
27848906
27848992
27849259
27853090
27853449
27853826
27854517
27855346
27856221
27856531
27856677
27857682
27858712
27858819
27861180
27861295
27861704
27861957
27862030
27864895
27865628
27865819
27871305
27873348
27873350
27876453
27878860
27878869
27878914
27882170
27883219
27884562
27884575
27885230
27892886
27893342
27894562
27895245
27896380
27896381
27900758
27900920
27907946
27908483
27909973
27910004
27910798
27911071
27911891
27913267
27916030
27917620
27917699
27918103
27918895
27920289
27923417
27924464
27926646
27926773
27927702
27930506
27931564
27931621
27931622
27932093
27932094
27932116
27932147
27932282
27932370
27936939
27940585
27941576
27951539
27958328
27973640
27977900
27979629
27981648
27984290
27984291
27986255
27986256
27986262
27986426
27986800
27987397
27987398
27988060
27992893
27993311
27993450
27994027
27998333
27998634
27998635
27998646
27999891
28000539
28003418
28004435
28006664
28006955
28007320
28007361
28007363
28007503
28007704
28009244
28009387
28009704
28011056
28017322
28017935
28024661
28027140
28028583
28031256
28032004
28032366
28033296
28039804
28041983
28043672
28045336
28045421
28045689
28049075
28052109
28052608
28053539
28054286
28054288
28055320
28055996
28057371
28059034
28059489
28059800
28059836
28060210
28062396
28063753
28063863
28069540
28072672
28072702
28072962
28073658
28073695
28075095
28077490
28078616
28079605
28081984
28082193
28084980
28087556
28089300
28089328
28089877
28091502
28092319
28092321
28093358
28093562
28094429
28099439
28100344
28100453
28100976
28102097
28103768
28104145
28106499
28107262
28107666
28108207
28108227
28109998
28111805
28112997
28114163
28114816
28114892
28116238
28117879
28117941
28118559
28118960
28120004
28120050
28122100
28122961
28125307
28126408
28128583
28129966
28131171
28131525
28131609
28132668
28132947
28134805
28138045
28142035
28145669
28145816
28146440
28146654
28146655
28146656
28147231
28147246
28147324
28148633
28150917
28150918
28150919
28150920
28152637
28156204
28156246
28159373
28159603
28160751
28161256
28163232
28169060
28176180
28177138
28178070
28179385
28182231
28183359
28183570
28185079
28186929
28189599
28190402
28190538
28195839
28196823
28202630
28202632
28202703
28205277
28206914
28207629
28210361
28212620
28212873
28213388
28214566
28214803
28215133
28215823
28216470
28216547
28219086
28222054
28222055
28222568
28224966
28225237
28225468
28226290
28228145
28228306
28229442
28229804
28233665
28235884
28236042
28236458
28236944
28237947
28238688
28239020
28239544
28240408
28241809
28243824
28244001
28244210
28245206
28245989
28246063
28246131
28251540
28252345
28253813
28254390
28254437
28254455
28254555
28257369
28257544
28258073
28258840
28259551
28260370
28260434
28260435
28260441
28260448
28260450
28261504
28261793
28262007
28263183
28263626
28264097
28264690
28266202
28266292
28266503
28266890
28267230
28267477
28267747
28268230
28268420
28268619
28270400
28271415
28271534
28272153
28272731
28274225
28274812
28278590
28279537
28279540
28279695
28280064
28281845
28283378
28283789
28285635
28285941
28289883
28290380
28290647
28290650
28290797
28291532
28292100
28293983
28294471
28294749
28295143
28295425
28296066
28298025
28301275
28303355
28304181
28314643
28314845
28317639
28319881
28320187
28320567
28320595
28321563
28323659
28323775
28325926
28326199
28328355
28330429
28331010
28332628
28333901
28335000
28336205
28340797
28340798
28340835
28341824
28341843
28343604
28343653
28347207
28347554
28351846
28351847
28352007
28355828
28357904
28359565
28360621
28360703
28361615
28361790
28362251
28364295
28364550
28364778
28365490
28365629
28365745
28366903
28368210
28371278
28371670
28373132
28373372
28373373
28375756
28376670
28376778
28377297
28377349
28378507
28378696
28378703
28378976
28379344
28382611
28383837
28384518
28384653
28385054
28385104
28385294
28387552
28390648
28391200
28392372
28392830
28393670
28393761
28393998
28395049
28395095
28396275
28397363
28398195
28398470
28399715
28399792
28403047
28403406
28403409
28403704
28406812
28407148
28407228
28408159
28410590
28410771
28411357
28412052
28413709
28414249
28417610
28418206
28419247
28420294
28420655
28421837
28422877
28422896
28424003
28424270
28424921
28426684
28429236
28429690
28429866
28430069
28430674
28430695
28431117
28433852
28435989
28436928
28437544
28437717
28438464
28438582
28438757
28442081
28442228
28444788
28445305
28446065
28447885
28447929
28450776
28450779
28451840
28451913
28452725
28455003
28455405
28455458
28456384
28456564
28456656
28456698
28456853
28457033
28457108
28457117
28457385
28457388
28457510
28458057
28460271
28460803
28462682
28463671
28464966
28470675
28470870
28471243
28471816
28472974
28473368
28476432
28476663
28478076
28478759
28480419
28481454
28482021
28482107
28482396
28482930
28484353
28484927
28484929
28488376
28488555
28488639
28488654
28490286
28490967
28492156
28492876
28494508
28495118
28495304
28497610
28497668
28497927
28500262
28500638
28501796
28504607
28504781
28506244
28508137
28509213
28511184
28511983
28511986
28513255
28514249
28515709
28520632
28520944
28521593
28521606
28522773
28523341
28523346
28524212
28527167
28527282
28528824
28528890
28533320
28533497
28534234
28534673
28534953
28535454
28535486
28535865
28537338
28538388
28538472
28539143
28539307
28539561
28540741
28541557
28542899
28543735
28544238
28544377
28545707
28545719
28545873
28546557
28550094
28550504
28551596
28551908
28554855
28554964
28556583
28556608
28557290
28557694
28557718
28557885
28557905
28558089
28558616
28559128
28559378
28560156
28564683
28566067
28567288
28569534
28570661
28571811
28571816
28571895
28572032
28572663
28575254
28579007
28579487
28581253
28585146
28586952
28587490
28589641
28591558
28592187
28592301
28594194
28594680
28595215
28596083
28597413
28597789
28599619
28599747
28599947
28601692
28602010
28602247
28602694
28605528
28605928
28605973
28606234
28606421
28606501
28606693
28606694
28608926
28610950
28613516
28614080
28614562
28615196
28615277
28616086
28616729
28617166
28617713
28617840
28619331
28619332
28619501
28620674
28621090
28621620
28621625
28621636
28621640
28624592
28625002
28625578
28625580
28625581
28625582
28626178
28627977
28630253
28630376
28631222
28631279
28633545
28633805
28640022
28640070
28642353
28642698
28643577
28643814
28643850
28643889
28645448
28645449
28645472
28646035
28646267
28646790
28648099
28648810
28651886
28655133
28656931
28657350
28657353
28660359
28661278
28661735
28661740
28661742
28661743
28663340
28663409
28664392
28665366
28666351
28667576
28667690
28668310
28668700
28669509
28669873
28670685
28671899
28671901
28673505
28673592
28674364
28674866
28674967
28676245
28676385
28678317
28678405
28679198
28679334
28681121
28681253
28681786
28682095
28682147
28683456
28684383
28684450
28687281
28690312
28690732
28693455
28693604
28693927
28693942
28696630
28698086
28698343
28699048
28699049
28699248
28699949
28701630
28701924
28702347
28703371
28705877
28705879
28708680
28710604
28710785
28711542
28712840
28713043
28713592
28715566
28716259
28716580
28716663
28716717
28719147
28720183
28724360
28725569
28726256
28726333
28726543
28730420
28731906
28732008
28734449
28734708
28734823
28735060
28735717
28735983
28735991
28737304
28737503
28738139
28739114
28739616
28740067
28741420
28741437
28742700
28742911
28743344
28743752
28747115
28748009
28748895
28749083
28750884
28750886
28752363
28752732
28753116
28753456
28753621
28754152
28754293
28756689
28756900
28757902
28758602
28758617
28759710
28762872
28765414
28765478
28767605
28768153
28770871
28770895
28771043
28775101
28777134
28778188
28780193
28780552
28780827
28789699
28789959
28791561
28791670
28791782
28794088
28800340
28800888
28801920
28801937
28803137
28804864
28806632
28807079
28807634
28809822
28810115
28810256
28810588
28811199
28811209
28814093
28814494
28814695
28815381
28815385
28816725
28816832
28817216
28818523
28819796
28821646
28822390
28823999
28826514
28826704
28826983
28828206
28828556
28828924
28831928
28833215
28836706
28840315
28840364
28840588
28843663
28844057
28844160
28844263
28844271
28844532
28844933
28844934
28847237
28848057
28848063
28849669
28854742
28856462
28856762
28860653
28862384
28865377
28865673
28866718
28870583
28870587
28870982
28870986
28871712
28878299
28880139
28882531
28882685
28883873
28886073
28888275
28888565
28889130
28889715
28890007
28890047
28890113
28890446
28891175
28892066
28892566
28894772
28900072
28900842
28902713
28905210
28906367
28910738
28912289
28913601
28915178
28916422
28918193
28918755
28923611
28923612
28925476
28925543
28926566
28927996
28929975
28932926
28935354
28935717
28936756
28936964
28937345
28937547
28938502
28941082
28942010
28943109
28945476
28945953
28946586
28947390
28947546
28948085
28949872
28950091
28950885
28951293
28953844
28954753
28956479
28957432
28958328
28958329
28958870
28959072
28960795
28962337
28962952
28965805
28966307
28967351
28968032
28968526
28968602
28968607
28969379
28974665
28976385
28976442
28977064
28980020
28980391
28980569
28980847
28981369
28981440
28981609
28982544
28982805
28985531
28985863
28986181
28987305
28988512
28990952
28991547
28991548
28991686
28991754
28992740
28994555
28994893
29016224
29016827
29017695
29018010
29018070
29023279
29023796
29023991
29024197
29025525
29025769
29025783
29025855
29027352
29028678
29028738
29033639
29033868
29036615
29037423
29037936
29038360
29038919
29040277
29042001
29042005
29042058
29042059
29042167
29043839
29043908
29044699
29045952
29045956
29047291
29049514
29049948
29050383
29050394
29057452
29057921
29060032
29060649
29060851
29061871
29065229
29065962
29066601
29066988
29067599
29068830
29073185
29073221
29073313
29074840
29076173
29076900
29077258
29078209
29081104
29083598
29083764
29084102
29084103
29084482
29085289
29087928
29092102
29092874
29092967
29093259
29093419
29093565
29094768
29097134
29098486
29098683
29099622
29101338
29102452
29110073
29111992
29114788
29115076
29115789
29117040
29117489
29120509
29121265
29121275
29122649
29122779
29122904
29123692
29123827
29125495
29126634
29127224
29128034
29128047
29128469
29128780
29129151
29132598
29132927
29132975
29133731
29135481
29135903
29136314
29138997
29140436
29141081
29141595
29141755
29143568
29146419
29148065
29148124
29149396
29149946
29149948
29149973
29150710
29153410
29153725
29154287
29155302
29155360
29156030
29156989
29159190
29160761
29162503
29163104
29164571
29166136
29166810
29167081
29167286
29167495
29169407
29169472
29169473
29170180
29171806
29171808
29171810
29172061
29173394
29175357
29176136
29176147
29176519
29178106
29179574
29180613
29182381
29183088
29183833
29189347
29192579
29192954
29194220
29194322
29194344
29194517
29194862
29196672
29197090
29197208
29197598
29198657
29201544
29202549
29202647
29203064
29209270
29210338
29212461
29212921
29212999
29214386
29214955
29217537
29218766
29221942
29222896
29223761
29225064
29226765
29227984
29227992
29229043
29229939
29231485
29232051
29233537
29235622
29237243
29240320
29240992
29241946
29242011
29243901
29245221
29245361
29246198
29246600
29247778
29248778
29249074
29249173
29251586
29253267
29253676
29253747
29253768
29258788
29262473
29262873
29265096
29265938
29266586
29268170
29275174
29275946
29276030
29282032
29282340
29288292
29288554
29289388
29289389
29290509
29292599
29293607
29295807
29297016
29297196
29299938
29301428
29304117
29305927
29307451
29307880
29309564
29313314
29313873
29314105
29314400
29314647
29315367
29316269
29317348
29319628
29322820
29326648
29329725
29330272
29331091
29331491
29331713
29333823
29336581
29336990
29337122
29338905
29338937
29340988
29342477
29347348
29348033
29351370
29351924
29353574
29357760
29359374
29359717
29360280
29362992
29365074
29367218
29367223
29368225
29368291
29369051
29370333
29370400
29370729
29371115
29374810
29375070
29376579
29377435
29377632
29378205
29379959
29381392
29381726
29382473
29384979
29385422
29386261
29386276
29387037
29390070
29390462
29392909
29393308
29393689
29393694
29393746
29395000
29395415
29395848
29398249
29398674
29399750
29402152
29406678
29406887
29406898
29407009
29407290
29407309
29407326
29409052
29411732
29413461
29413639
29413721
29415149
29415172
29417320
29419340
29422268
29423402
29426039
29427061
29428249
29428346
29429639
29429772
29429796
29430081
29430121
29431406
29432783
29435866
29436000
29436021
29436445
29436489
29437129
29439887
29440244
29443784
29443785
29444221
29446651
29448148
29448152
29453215
29456223
29459847
29460262
29460611
29460911
29461112
29464377
29465466
29466193
29466977
29467036
29467097
29471814
29472229
29472424
29473810
29474675
29474879
29476936
29476942
29477880
29478246
29478881
29480041
29480074
29480584
29482376
29485290
29485348
29486984
29487477
29488608
29489493
29489579
29489968
29490184
29491302
29492447
29492524
29492581
29492837
29493172
29494993
29496285
29498800
29500192
29501468
29504277
29504346
29504662
29504725
29504726
29504727
29505319
29505464
29505697
29507049
29508726
29510710
29510962
29511106
29513729
29513795
29514749
29519640
29521735
29521882
29522911
29523425
29523609
29525459
29527471
29527493
29527992
29529419
29530592
29530810
29535334
29536313
29537930
29539610
29540869
29542049
29544235
29544369
29544817
29546414
29546927
29547144
29547241
29547955
29548862
29549227
29551725
29551989
29553799
29553891
29555100
29555261
29557100
29557131
29557531
29558288
29558304
29558341
29561995
29562312
29562552
29562838
29563209
29564468
29564659
29565795
29567266
29567897
29569064
29569993
29571238
29571980
29572926
29573462
29574462
29575406
29575425
29577292
29578188
29579794
29579811
29579812
29579813
29579814
29579815
29579816
29579853
29579864
29580772
29581529
29582180
29582317
29588140
29588556
29590443
29593190
29597083
29599011
29601076
29601078
29602876
29603793
29607710
29607777
29608428
29609715
29614942
29616375
29618101
29619317
29620989
29621337
29621638
29623396
29623802
29626343
29627024
29627716
29627781
29630700
29631148
29632279
29633128
29633693
29633914
29649031
29649978
29650798
29652750
29653106
29653984
29653986
29655223
29655808
29658863
29659218
29660370
29660507
29660563
29661098
29661479
29662089
29664435
29666096
29666960
29667151
29667267
29667907
29668322
29668588
29669310
29673010
29678335
29678611
29679178
29679183
29679693
29680261
29684143
29684751
29685455
29685505
29686612
29688986
29691305
29694851
29695390
29696951
29698752
29700222
29701190
29701935
29703237
29703517
29705154
29705408
29712886
29713371
29714932
29715516
29716813
29716821
29717103
29717777
29718755
29718854
29720281
29722133
29723656
29724662
29724978
29727362
29727439
29728154
29728939
29729888
29731090
29731091
29731163
29734188
29735214
29736551
29737476
29737490
29737768
29738102
29738554
29739317
29739630
29739759
29740372
29741225
29743483
29745121
29747708
29749664
29749948
29749949
29751112
29751747
29755085
29756746
29756752
29758549
29758557
29758991
29759624
29759709
29759710
29759766
29759842
29759843
29759943
29762103
29762420
29762421
29765311
29765983
29766405
29767293
29768141
29770146
29772562
29774304
29776678
29778242
29778977
29779187
29779900
29780121
29782388
29782953
29783276
29783851
29784832
29790476
29791077
29792178
29792528
29793774
29796295
29797705
29798977
29799345
29799962
29800966
29801145
29802003
29803596
29804044
29804646
29804647
29805090
29805151
29807003
29807232
29808605
29808973
29843586
29843761
29845003
29845306
29845316
29848535
29848786
29851841
29853425
29856136
29857423
29858295
29858302
29860439
29860629
29861796
29866668
29866760
29867421
29867602
29867613
29867725
29868711
29869552
29870329
29871001
29871682
29871771
29872846
29873088
29875918
29876763
29877268
29877272
29877513
29877838
29878207
29878725
29879281
29880339
29881492
29882561
29883679
29884512
29884665
29884735
29885482
29886470
29886887
29887294
29887427
29887437
29889417
29889559
29893935
29894029
29894208
29897099
29901639
29902493
29903422
29904794
29905801
29909026
29910708
29911961
29916568
29916834
29920296
29921186
29921617
29921622
29923168
29925184
29925413
29925719
29925727
29927429
29927772
29929168
29929493
29929650
29929651
29929872
29931477
29933239
29933854
29935572
29935579
29935581
29935585
29936904
29937696
29939976
29940151
29943077
29945618
29946293
29947090
29947163
29947293
29947436
29947598
29948264
29948469
29948839
29950932
29952950
29953022
29953175
29953571
29954280
29956053
29956337
29956388
29957157
29957565
29959668
29960620
29961647
29962390
29966107
29966850
29969148
29969644
29969956
29970264
29970287
29971598
29972267
29972755
29973175
29973890
29974570
29979145
29979344
29979643
29980368
29980920
29981206
29981217
29981912
29982076
29984687
29985289
29986204
29986903
29987517
29987588
29989177
29990580
29991549
29992205
29994980
29995076
29995086
29995092
29995275
29996279
29996994
29996999
29997000
29997009
29997472
29997565
29999367
30002929
30006886
30007869
30008659
30008742
30009730
30012818
30012873
30013914
30014347
30016508
30016720
30016757
30017570
30017687
30017694
30019216
30019217
30019218
30019464
30020063
30020173
30020674
30021746
30022397
30026698
30028916
30029088
30030667
30030749
30031784
30031993
30032390
30032903
30035461
30038701
30039165
30039243
30039245
30039839
30041683
30042070
30042834
30042843
30044256
30045963
30049113
30049490
30049545
30052227
30053455
30054114
30054299
30054300
30054301
30054828
30055363
30055569
30055943
30056880
30059476
30059631
30059846
30061135
30061141
30061281
30061348
30062546
30062575
30063676
30064626
30066623
30067926
30068486
30070171
30071813
30074916
30075198
30075596
30076820
30079675
30080498
30080522
30081327
30081605
30084037
30084977
30085056
30085267
30087075
30089051
30091334
30094174
30097340
30098052
30098790
30099354
30100242
30101353
30101920
30101927
30104201
30105427
30106378
30106782
30107646
30107797
30107975
30108476
30110049
30110050
30110592
30111179
30111206
30111948
30112685
30112686
30113012
30113155
30113987
30115246
30115247
30115257
30116185
30118420
30118813
30118814
30120046
30121441
30124575
30125256
30126774
30126970
30128476
30131047
30132587
30133026
30133388
30134745
30136256
30137300
30137808
30139547
30139783
30144919
30145080
30145123
30146081
30146980
30148931
30149096
30150955
30152924
30153468
30154755
30157286
30161039
30161118
30166075
30166081
30167631
30169383
30169633
30170671
30170683
30172032
30172678
30177143
30177266
30177328
30177333
30178039
30178323
30179988
30180405
30182170
30182392
30185761
30185912
30186220
30187282
30187615
30189812
30190192
30191906
30193292
30196372
30198463
30198470
30200060
30201118
30201486
30201748
30201749
30201750
30201751
30201752
30203384
30203788
30204227
30205113
30208114
30209714
30210110
30210244
30212977
30212984
30216207
30218233
30218878
30219774
30222049
30222234
30222861
30222871
30223355
30224031
30225822
30226344
30226400
30227913
30230524
30233023
30233062
30233480
30234894
30235942
30240716
30240976
30241773
30242322
30243302
30243611
30244705
30244764
30246234
30248463
30248648
30248947
30250859
30251276
30251426
30253228
30255716
30255862
30258400
30259097
30259844
30262440
30265432
30266992
30267280
30267773
30267843
30268553
30269732
30270005
30270144
30270339
30278032
30278549
30279020
30281063
30284761
30285102
30285255
30285349
30287438
30287725
30287905
30289519
30290286
30291385
30291883
30292488
30292664
30292685
30296908
30296948
30297193
30297504
30298977
30299497
30300237
30301814
30302986
30303838
30303868
30304420
30304423
30305377
30306317
30306636
30308378
30309803
30310942
30315885
30316335
30316338
30316367
30323052
30324839
30324978
30325009
30325011
30325252
30325463
30325574
30326813
30327157
30327752
30328978
30333789
30335532
30335656
30336803
30336853
30336885
30337090
30337862
30338504
30339549
30340841
30340924
30341115
30341843
30341851
30341852
30342727
30343315
30344483
30350849
30351183
30351600
30351974
30353271
30354289
30354430
30354542
30355445
30356042
30356348
30361149
30361153
30361542
30362658
30365438
30365650
30366074
30367740
30368111
30369457
30371107
30371179
30371581
30371631
30371639
30373965
30374691
30376235
30376271
30379409
30379935
30380923
30381366
30385109
30386482
30386962
30387784
30388489
30388893
30389365
30389590
30391368
30392211
30392278
30395042
30396673
30396791
30399122
30399123
30402998
30403761
30404063
30405513
30406828
30407335
30407969
30408474
30413741
30415981
30416476
30419078
30421457
30422823
30422916
30422917
30424856
30424858
30425023
30426527
30426528
30427410
30430535
30430963
30431678
30439816
30440500
30440686
30440775
30441394
30441408
30443785
30444802
30445223
30446017
30446192
30446808
30449018
30449645
30449781
30450613
30450990
30451697
30453358
30454793
30454972
30455272
30455403
30455853
30458356
30458762
30459382
30460885
30462687
30462839
30467825
30468879
30470687
30471997
30472028
30474632
30476373
30478620
30479042
30479234
30480031
30481326
30481656
30482402
30482635
30484711
30485453
30485778
30487032
30487065
30488005
30488466
30488957
30498041
30501423
30502227
30503885
30504958
30506147
30506177
30507573
30508162
30508293
30509376
30509857
30510153
30511415
30512474
30512633
30512716
30512718
30513331
30514146
30514728
30519211
30520674
30520879
30521421
30521545
30522997
30526120
30526751
30527152
30528576
30529112
30529630
30529912
30530868
30532998
30534034
30534970
30536536
30539902
30540618
30541008
30541324
30542319
30544340
30547843
30548800
30548939
30549214
30549942
30551321
30551747
30553670
30553685
30554443
30554846
30555407
30557230
30558036
30558047
30560634
30560822
30560985
30562596
30562773
30566033
30567244
30568140
30568145
30568992
30569481
30569504
30569570
30570911
30571510
30572371
30572372
30572468
30575891
30576381
30576784
30576876
30577153
30577171
30577174
30577276
30577301
30579022
30579267
30580243
30580246
30580976
30581029
30581084
30581086
30582272
30584844
30584845
30584846
30584847
30584848
30584849
30584850
30584851
30584852
30584853
30584856
30584857
30584858
30584860
30584863
30584864
30584866
30584867
30586186
30586605
30587657
30589507
30590530
30590900
30593909
30594256
30594526
30596440
30597381
30599180
30600217
30600277
30600740
30602347
30604056
30605375
30605711
30605794
30606086
30606356
30607828
30608283
30608366
30609060
30609104
30610977
30611965
30614624
30614826
30614970
30614974
30615233
30616726
30616727
30619622
30620050
30624008
30624194
30624195
30626483
30627781
30628895
30629012
30629740
30629991
30632807
30633051
30633817
30635345
30635490
30636478
30636574
30638840
30639270
30639334
30639505
30641848
30642150
30642201
30648213
30648520
30649508
30649827
30650983
30651253
30655135
30655142
30656192
30656561
30657026
30659561
30660483
30661258
30661373
30663416
30663434
30665155
30665724
30666366
30668664
30668749
30669798
30671940
30672000
30672584
30672585
30675918
30676081
30679072
30679211
30681499
30683636
30684785
30685511
30686265
30689222
30689648
30690642
30691539
30691854
30691921
30693130
30693794
30700385
30700688
30704865
30704867
30707176
30707390
30707437
30708105
30709977
30711681
30712302
30714927
30715074
30717695
30720906
30721554
30725142
30725708
30728799
30730661
30730838
30731304
30732189
30732223
30732697
30732848
30737142
30739178
30741775
30742487
30745865
30747013
30747852
30755043
30755423
30756002
30758327
30759298
30759948
30761458
30763287
30765185
30765277
30765278
30765416
30766474
30767119
30770163
30770613
30771067
30772037
30772487
30773033
30774101
30775936
30776988
30777533
30777537
30777566
30777570
30777571
30778326
30779054
30779193
30784693
30784694
30784698
30786320
30788708
30791122
30791893
30792234
30794319
30796080
30797072
30797668
30798915
30802920
30803985
30804052
30804063
30804064
30804246
30806522
30806776
30807909
30809878
30811527
30811886
30813198
30814449
30817792
30822394
30824458
30825040
30825550
30826928
30827279
30828820
30829401
30829695
30830226
30831110
30840905
30841486
30843004
30843476
30843590
30848987
30851717
30852122
30852744
30853589
30853666
30855711
30856619
30857784
30860435
30862533
30862668
30862910
30863288
30863687
30864999
30865958
30868181
30868219
30869155
30869305
30869306
30870192
30871299
30872082
30872563
30872833
30873721
30874759
30877955
30878972
30879515
30879520
30879521
30879524
30879527
30879571
30879605
30879853
30879926
30881544
30882431
30882855
30883228
30883806
30884074
30885825
30887860
30888494
30889817
30890083
30890633
30890996
30891693
30892190
30893291
30894626
30895296
30895459
30895638
30896441
30900685
30902145
30903828
30904181
30907191
30907344
30907923
30907955
30908437
30909914
30912627
30914674
30915861
30916235
30916613
30916987
30917005
30918200
30918556
30921250
30922517
30923297
30926186
30926309
30926410
30927299
30927512
30928258
30928476
30933222
30933228
30933952
30934199
30935629
30938582
30938658
30938877
30939215
30940008
30941094
30941627
30942338
30943757
30944013
30944275
30945062
30945301
30945319
30946723
30946883
30948362
30950548
30951450
30952221
30952602
30953131
30953395
30953629
30954935
30957338
30957339
30957465
30957934
30958647
30961935
30963565
30964836
30965094
30965210
30965329
30966863
30967101
30967807
30968601
30968669
30969973
30970095
30971217
30973421
30973437
30975291
30977731
30978530
30979474
30979488
30980243
30981800
30982127
30982487
30986109
30989675
30991612
30995269
30995538
30995647
30996067
30996159
30998395
30998713
30999293
30999877
31000176
31001850
31002956
31004448
31004502
31004672
31005863
31006492
31009248
31010507
31011757
31013223
31014041
31014972
31016193
31017017
31017507
31019100
31020596
31021569
31024740
31028051
31028755
31029287
31029456
31033652
31033713
31034674
31036741
31037040
31039545
31040148
31041477
31045899
31046818
31046844
31048340
31048343
31048418
31049583
31049729
31051060
31051145
31054810
31056593
31057083
31057375
31058581
31058603
31058760
31061194
31061234
31062190
31062518
31062919
31063677
31063944
31064138
31064428
31066057
31067333
31068890
31072509
31077650
31079241
31079972
31080027
31082637
31082781
31082863
31083250
31083258
31085622
31085727
31085728
31087205
31088190
31088203
31091573
31092838
31098779
31099312
31099422
31100145
31100284
31101200
31101876
31103242
31103500
31104584
31104702
31105302
31105945
31106695
31107036
31107616
31108043
31114475
31115355
31119978
31121372
31122384
31122600
31123520
31124174
31127152
31127252
31128109
31130113
31130114
31130116
31131773
31135499
31136808
31137909
31138461
31139508
31139694
31143118
31145865
31146573
31146603
31147170
31147228
31150559
31154681
31154686
31155751
31158337
31160214
31160497
31161308
31162190
31162721
31162858
31163086
31163368
31163372
31165337
31165366
31166767
31167766
31168806
31168808
31171261
31171262
31173342
31174014
31178512
31178819
31179831
31179958
31179973
31180765
31181997
31182515
31182516
31185439
31185800
31187433
31187435
31188342
31189615
31189842
31189854
31192840
31192847
31195993
31196825
31196858
31199195
31201049
31201963
31202272
31203135
31204265
31204573
31204819
31205192
31205251
31206202
31206359
31208247
31208249
31209413
31210989
31211949
31212327
31213485
31215399
31215779
31216803
31218638
31221423
31221574
31221624
31223380
31227045
31228762
31230905
31231392
31232063
31235267
31236577
31236999
31237088
31241026
31241032
31241554
31241740
31242361
31243035
31243240
31243248
31246737
31247694
31249370
31250132
31250563
31251479
31251814
31251819
31253495
31254526
31255347
31255358
31262138
31262430
31263107
31265090
31265753
31266585
31267188
31267575
31267576
31270084
31271021
31271742
31272241
31272377
31276646
31278764
31280036
31280412
31282434
31282566
31283551
31283989
31284028
31285076
31285415
31285791
31286819
31287567
31289876
31289877
31290068
31291042
31291216
31291775
31295332
31298195
31299313
31300383
31301370
31301915
31301969
31302106
31302107
31303014
31303414
31305501
31307206
31307770
31308171
31308848
31311508
31311787
31314822
31317465
31317467
31318899
31319707
31320356
31321811
31322793
31322976
31324604
31325554
31325762
31326123
31326161
31326617
31326972
31327266
31327476
31327534
31327535
31330187
31331154
31331354
31332702
31334906
31335209
31337523
31339171
31339174
31339554
31340191
31340940
31341312
31342448
31343105
31343140
31343274
31343845
31346513
31347544
31347567
31348298
31348599
31350745
31352912
31354160
31356411
31356469
31356580
31357147
31357488
31358654
31358875
31361885
31362081
31362189
31363045
31365358
31366660
31366749
31370942
31371213
31373472
31375838
31377064
31377068
31378304
31378468
31378470
31378471
31380820
31381199
31381936
31382061
31383343
31384674
31385183
31385606
31385853
31387148
31387454
31387810
31389525
31389850
31392421
31392656
31392714
31393323
31393750
31394155
31395124
31395125
31395693
31396840
31398522
31398704
31398849
31399120
31399187
31400257
31400576
31401607
31402979
31403178
31404659
31405394
31411720
31411828
31414197
31415401
31416509
31416631
31417339
31417837
31418075
31422504
31423514
31428035
31429953
31430386
31434666
31438110
31440728
31441187
31441834
31441849
31442221
31443739
31445327
31445589
31447480
31448797
31449296
31450965
31456011
31456867
31462082
31462223
31464952
31465762
31467156
31473008
31474286
31474287
31474453
31475127
31476728
31476903
31476905
31479078
31481108
31481915
31482320
31484715
31484877
31485961
31488520
31492829
31494484
31495670
31500496
31500894
31502498
31503539
31504902
31505193
31505542
31508499
31508855
31510970
31512651
31514975
31519492
31521016
31521752
31523519
31523788
31523995
31524703
31524704
31525102
31525103
31525105
31526418
31526422
31526426
31526429
31526430
31527214
31529544
31529606
31530028
31530119
31530356
31530596
31532055
31532968
31533482
31535422
31535567
31536191
31536305
31538180
31538611
31538612
31541340
31541979
31542182
31542442
31543159
31543160
31550950
31553499
31555827
31559722
31559726
31561701
31562041
31562526
31562590
31563872
31564014
31564948
31565655
31566107
31566842
31566859
31566876
31567366
31567387
31567503
31567601
31567643
31570295
31570361
31572121
31573084
31574106
31577396
31577695
31577856
31578430
31578800
31581374
31583195
31585758
31586180
31587626
31587804
31589336
31591001
31593114
31593281
31594029
31596496
31596736
31599050
31599484
31600216
31601439
31601811
31604833
31605257
31605791
31607958
31609793
31609876
31610595
31612611
31615377
31616570
31617836
31618348
31619118
31620824
31622278
31623656
31623848
31624882
31625166
31626378
31627946
31629091
31629578
31630650
31631050
31634014
31634015
31636452
31637974
31638693
31638699
31640724
31642407
31645286
31646140
31646957
31649861
31653623
31653665
31654724
31657121
31657683
31659584
31661982
31662334
31662335
31662336
31665835
31666298
31667187
31667788
31668571
31669025
31670874
31671882
31672143
31672663
31675139
31678668
31680495
31681139
31684891
31685072
31685154
31685350
31686353
31686471
31687960
31688951
31690322
31690577
31690613
31694575
31696418
31698125
31699128
31699727
31701172
31701176
31701326
31701582
31708492
31709814
31710883
31712616
31713212
31713631
31714269
31714484
31719213
31722290
31724920
31724921
31726251
31727515
31729640
31729641
31729768
31730923
31732199
31732828
31733361
31734219
31734220
31736576
31736957
31737671
31740078
31740513
31740514
31740515
31740516
31741164
31743782
31746451
31747052
31748362
31748834
31749755
31751438
31752034
31752036
31753089
31756175
31759753
31760831
31761731
31762876
31765612
31765961
31765979
31770149
31770265
31771384
31771806
31771965
31772134
31773246
31773544
31773918
31774955
31776165
31776211
31776818
31777217
31779748
31780600
31780615
31781604
31782982
31783144
31783304
31783721
31785371
31785698
31786112
31787149
31787662
31789712
31790754
31791997
31792039
31793537
31794367
31795053
31796145
31796299
31797499
31798421
31798516
31800575
31801446
31802716
31805978
31806140
31806141
31806632
31808579
31809279
31810744
31813910
31814489
31815871
31815873
31817763
31821187
31822651
31823652
31828106
31828768
31829221
31830589
31834061
31837233
31837820
31838623
31838655
31842229
31843331
31843349
31843502
31843734
31847650
31848993
31849297
31851890
31852575
31852871
31852872
31853836
31854141
31857722
31860011
31864099
31866172
31866491
31866845
31869833
31870405
31870911
31876632
31876654
31880254
31880960
31882697
31884958
31885398
31886460
31886461
31887077
31888527
31888894
31891334
31896266
31897885
31898772
31898773
31899012
31899056
31899791
31900883
31901319
31903390
31903648
31904898
31907118
31907291
31907833
31908237
31910260
31911443
31915080
31916117
31916960
31916961
31919808
31920017
31920316
31920493
31920935
31922336
31924202
31925588
31926258
31926998
31927223
31929719
31931243
31932395
31932404
31932405
31932406
31934922
31936844
31937259
31939503
31939809
31940541
31941353
31945369
31945586
31945893
31946293
31946652
31946830
31946871
31946877
31948664
31950492
31953616
31954912
31955689
31955852
31956048
31956193
31957104
31957492
31959316
31964445
31964605
31965397
31967266
31969463
31969496
31969770
31971884
31973956
31974258
31974600
31976929
31977061
31978295
31982504
31982728
31983931
31984839
31986492
31988210
31988211
31988212
31989466
31990213
31991313
31992109
31992509
31994749
31996169
31998199
32000857
32001391
32003157
32003866
32004660
32004661
32005687
32005792
32006541
32007116
32007509
32008137
32008497
32008908
32014376
32015236
32015445
32015487
32016534
32018124
32020440
32021113
32022220
32023323
32023370
32029314
32029353
32031720
32033526
32033659
32033830
32034611
32035680
32036810
32037124
32039868
32040570
32042038
32043950
32044079
32044084
32044433
32044741
32045640
32047425
32047938
32049333
32051550
32052859
32053465
32053559
32053587
32053769
32054775
32054824
32055089
32055605
32056753
32057086
32059158
32061247
32061768
32062813
32063506
32063644
32064965
32065433
32066150
32066189
32068366
32068567
32070200
32074180
32074241
32081413
32082089
32084570
32090193
32097898
32098723
32098854
32099008
32100982
32101108
32101603
32101965
32101966
32102142
32103798
32105019
32105532
32105804
32106742
32111142
32111239
32111384
32113895
32113971
32114042
32114609
32115439
32116516
32120273
32123997
32128967
32129009
32130341
32131747
32132476
32132894
32134887
32138485
32138487
32138494
32138709
32139165
32139275
32141847
32142228
32143064
32146022
32146086
32146106
32147870
32147904
32149890
32150038
32150070
32151448
32152347
32153247
32153684
32154929
32155528
32157500
32157839
32162462
32164108
32164933
32166164
32168246
32168366
32169989
32170034
32170555
32171467
32172178
32176097
32176193
32176251
32176543
32176927
32178348
32178916
32179002
32183460
32183727
32184745
32185501
32186438
32186626
32187195
32188808
32188809
32189293
32189415
32191667
32192686
32192745
32193902
32195610
32195661
32196723
32197693
32198342
32202605
32202716
32203691
32203928
32204896
32204901
32204998
32205103
32205548
32207708
32207742
32207802
32208134
32208734
32208868
32212522
32213643
32213644
32213827
32215492
32215493
32216008
32216512
32217011
32217176
32217556
32219802
32219851
32220166
32220395
32220905
32222134
32222377
32222394
32223377
32226962
32234184
32236783
32241920
32242345
32243116
32243741
32245359
32245600
32247334
32248628
32248697
32249051
32249053
32251606
32251871
32252669
32252673
32252997
32252998
32257474
32257543
32259884
32268048
32269116
32270632
32271072
32271638
32272547
32273598
32275288
32276001
32277886
32279220
32279837
32282801
32282984
32284392
32284454
32285804
32286685
32289454
32291127
32291484
32292718
32294184
32294256
32297396
32298319
32299316
32299589
32300078
32300948
32303115
32305824
32305859
32308891
32310194
32310380
32311694
32314241
32314242
32314689
32317353
32318732
32319827
32321905
32322317
32323483
32323948
32324049
32327970
32327985
32329459
32330944
32332349
32332622
32333214
32334665
32335610
32338480
32339334
32339976
32340039
32341089
32341735
32342794
32343349
32343353
32344136
32344700
32345502
32345867
32347157
32351735
32352329
32353818
32356868
32357139
32357847
32358219
32358331
32358365
32358385
32359827
32361886
32364540
32364571
32364652
32370828
32371609
32372230
32372363
32372409
32376659
32377943
32383387
32385501
32388346
32389681
32392002
32393256
32394104
32394158
32395950
32398367
32400964
32401680
32402456
32403205
32404044
32404439
32405986
32408324
32409615
32409624
32409934
32410950
32413015
32413866
32414733
32418420
32421523
32422221
32424127
32427149
32428445
32430237
32433240
32434315
32434516
32434646
32434744
32434804
32435591
32438418
32439332
32439473
32439642
32441592
32441593
32441596
32441597
32441598
32441601
32441602
32441604
32441606
32441607
32441609
32442511
32442514
32442805
32443331
32444294
32444537
32445783
32446241
32447058
32447823
32448663
32449321
32449486
32449760
32449908
32451482
32453665
32454209
32458779
32459446
32460225
32460687
32460823
32460912
32461180
32461641
32462348
32463125
32463185
32464585
32467461
32467542
32469053
32469937
32470530
32471971
32472784
32475940
32475945
32478967
32479204
32479623
32481442
32482518
32482843
32482845
32484029
32484139
32485711
32488677
32490247
32490395
32491745
32492437
32493557
32495449
32495897
32496666
32500276
32501547
32503048
32504766
32505869
32506653
32513764
32515379
32516162
32521544
32522922
32524682
32525074
32526484
32531404
32531615
32532526
32532537
32532808
32532845
32532908
32533156
32534800
32535170
32536664
32536972
32537084
32539048
32539725
32541485
32542492
32547252
32547434
32551137
32551138
32552090
32552615
32552839
32553454
32553773
32554771
32556328
32556858
32557412
32557413
32557670
32558002
32562768
32563037
32565170
32565224
32565776
32567335
32568585
32568588
32570277
32571099
32571628
32574427
32575661
32576632
32578124
32580808
32582938
32583053
32583426
32583453
32583560
32586003
32586073
32586337
32587813
32588367
32590271
32591120
32591472
32592589
32593139
32593341
32593465
32594491
32594995
32595108
32595110
32597126
32598337
32600094
32600424
32600993
32601122
32601745
32603462
32604307
32604873
32606041
32606123
32607329
32607478
32611422
32611434
32611483
32611967
32611968
32613682
32614067
32614246
32615940
32618503
32618504
32618505
32618506
32618507
32618509
32619533
32619753
32621215
32621608
32621784
32622274
32622452
32624484
32625210
32627637
32627804
32628876
32629591
32631644
32634492
32636222
32638667
32639168
32639402
32641306
32641391
32641525
32641532
32641642
32643909
32645662
32646404
32648194
32649707
32650928
32652118
32653095
32653514
32654322
32654423
32654840
32655093
32656134
32656650
32660434
32660750
32661102
32661864
32662181
32663739
32664886
32665023
32666526
32667440
32669214
32671527
32675864
32677415
32678212
32680815
32680942
32680950
32681816
32682242
32682603
32684111
32690243
32692000
32692129
32692583
32693247
32696886
32697504
32698849
32699672
32701158
32701540
32701745
32702163
32702502
32702831
32703058
32705299
32705419
32707162
32707964
32708119
32711346
32712238
32713491
32713871
32715645
32716119
32716747
32717393
32722878
32723141
32726350
32728697
32729552
32730121
32730158
32731282
32733947
32736386
32737235
32737237
32737238
32737496
32738197
32739366
32739858
32743873
32745191
32745996
32746581
32746777
32747466
32747467
32750635
32750732
32753147
32753366
32754829
32756188
32757598
32757790
32758116
32758118
32759922
32759930
32759986
32760584
32761165
32762524
32766945
32767000
32769622
32769834
32769836
32769928
32769947
32769948
32772606
32772944
32776112
32778013
32778151
32779126
32779601
32785947
32787728
32791556
32792456
32792556
32794141
32794142
32795599
32795964
32796440
32797352
32798855
32799789
32800503
32804770
32807410
32807636
32808295
32810543
32813022
32813032
32814151
32814676
32814782
32817182
32826310
32826534
32838511
32838985
32840262
32840325
32841084
32841678
32846326
32846834
32847946
32848638
32852582
32856735
32857037
32859166
32859421
32859852
32860384
32860637
32861221
32864576
32865209
32865321
32865544
32866245
32867907
32868053
32868464
32868468
32868469
32870538
32872062
32872083
32872718
32873305
32873564
32874397
32874400
32877769
32878599
32878719
32878856
32879183
32881149
32886120
32888668
32889184
32890430
32892770
32892783
32893777
32894089
32894132
32895250
32898032
32898255
32898993
32899069
32899145
32899625
32901155
32901298
32901951
32902651
32910055
32910593
32918496
32919461
32919886
32920153
32920792
32921676
32925182
32927207
32927208
32927383
32928149
32928492
32929594
32930729
32930760
32930780
32931851
32931944
32932559
32934174
32936262
32938573
32938788
32939787
32941117
32943213
32946543
32948095
32951030
32951668
32951892
32954415
32954554
32955031
32957761
32959201
32960278
32961288
32962777
32962869
32965298
32965950
32972556
32973576
32975175
32976583
32977101
32977212
32977884
32978291
32978423
32980329
32982941
32986760
32988679
32989785
32989968
32990029
32990351
32992025
32992336
32997121
32997197
32997822
32998279
32998925
32999536
33001239
33004304
33004579
33004606
33005731
33007692
33008478
33009101
33013616
33013640
33017948
33018112
33018618
33020003
33023791
33024002
33024500
33026473
33026923
33027456
33027707
33031220
33031230
33034532
33036761
33037175
33037842
33038220
33038231
33040028
33040258
33041302
33044905
33046278
33050796
33051314
33051391
33052619
33053030
33053038
33054673
33057604
33058859
33059411
33060058
33060446
33060553
33061758
33066738
33070479
33071242
33075618
33077290
33077823
33078164
33078193
33078248
33078637
33078722
33080823
33080842
33087731
33089796
33090884
33091722
33091792
33091974
33093439
33093702
33096528
33098255
33099463
33100115
33100977
33100996
33108085
33109874
33110412
33111302
33111409
33118776
33120808
33120854
33121453
33122389
33122651
33127740
33132997
33135305
33136118
33136518
33136582
33136607
33137478
33137614
33140943
33146144
33146677
33148774
33152201
33153652
33155790
33161008
33161752
33163239
33164843
33165048
33165151
33165155
33168462
33170070
33172409
33172430
33172760
33172910
33173114
33174149
33175923
33176089
33176991
33178313
33178997
33179820
33181724
33183018
33186878
33188746
33192402
33192641
33193992
33197331
33198199
33198486
33199329
33201040
33201064
33203355
33203569
33208181
33208547
33210940
33213463
33214017
33215286
33216164
33217665
33218667
33218762
33219247
33219671
33221226
33221441
33221938
33222386
33223218
33225596
33229501
33229792
33230822
33236166
33236615
33237312
33237326
33237549
33237596
33238877
33240457
33242665
33244235
33249585
33250804
33252631
33253210
33253309
33254130
33254227
33254379
33254566
33255108
33260944
33261172
33262684
33263720
33272108
33273410
33273429
33273431
33274521
33274655
33276451
33276733
33276851
33277786
33278040
33278226
33278426
33279259
33279955
33280504
33285379
33286310
33287482
33287874
33291024
33292743
33293944
33296637
33303506
33303512
33307750
33308342
33309682
33310500
33310541
33318404
33319345
33320263
33323020
33324327
33325019
33325026
33326666
33326869
33328269
33328857
33331219
33331745
33331792
33332532
33332623
33332867
33336125
33337528
33338571
33339138
33339571
33341913
33346809
33347841
33349079
33349210
33350744
33357496
33359178
33361409
33361513
33364988
33367810
33368496
33368701
33370296
33370748
33370749
33370976
33371101
33371784
33371921
33371923
33372062
33376089
33376599
33382636
33385307
33388143
33388561
33389244
33389478
33389567
33390485
33392827
33394565
33395966
33395992
33407967
33408679
33409490
33409982
33411014
33411193
33411202
33412191
33415604
33415892
33416633
33417055
33417237
33419414
33419497
33419498
33419499
33419500
33419501
33419503
33419505
33419506
33419507
33419829
33426527
33427333
33428312
33428562
33428871
33429238
33433383
33434679
33436034
33436159
33439378
33441090
33441456
33442931
33443111
33443134
33447893
33449136
33451163
33453332
33459539
33459549
33459892
33464131
33465497
33465512
33468391
33469150
33470359
33470950
33476963
33478033
33478867
33479918
33479920
33482421
33482644
33484173
33484351
33485259
33485736
33487513
33488494
33489698
33490373
33491953
33495385
33495867
33496409
33497655
33497969
33499667
33500699
33500894
33502910
33504514
33505255
33506479
33510124
33512040
33513550
33514337
33514644
33514646
33514906
33515451
33518835
33519574
33522270
33523512
33524677
33527216
33527710
33528530
33528531
33528532
33528533
33528534
33528832
33530263
33532851
33534979
33535760
33535907
33535939
33535942
33538944
33539811
33540088
33541949
33548737
33549349
33549369
33549817
33550497
33556736
33558075
33560050
33561115
33562066
33563458
33564843
33565450
33565712
33567945
33568534
33569363
33573440
33573889
33577130
33577934
33578338
33579219
33580635
33581602
33581822
33582277
33582649
33582873
33582941
33586083
33586167
33586173
33586852
33587095
33587099
33587390
33587672
33592886
33593866
33593937
33594198
33594590
33594860
33595774
33597110
33598339
33599045
33599140
33602057
33605034
33606482
33607035
33609500
33610075
33611977
33612276
33612283
33614040
33616111
33616219
33617185
33617312
33617687
33618205
33618284
33618577
33622637
33622962
33623134
33624545
33624801
33625457
33627181
33627552
33628789
33632438
33632942
33636690
33637213
33637632
33638866
33641321
33641322
33641437
33641935
33642036
33642050
33642756
33645311
33646074
33646189
33646273
33648997
33649082
33649083
33651782
33652375
33652385
33652467
33653106
33654002
33655281
33655907
33657618
33658153
33662190
33662482
33664643
33664706
33665853
33677157
33678007
33678094
33678287
33680406
33682023
33683606
33684077
33684118
33684604
33686812
33689119
33689731
33690260
33691246
33692385
33692735
33693567
33693701
33694298
33704508
33705720
33708012
33709359
33709661
33709851
33709988
33710375
33710391
33710694
33711933
33714679
33715865
33716876
33719820
33724499
33724575
33729717
33730972
33732893
33733107
33734309
33734355
33734911
33735053
33735415
33735688
33735851
33735950
33736408
33736588
33737386
33737894
33739705
33739706
33739953
33741824
33744101
33744763
33751135
33751447
33752631
33753098
33755279
33758019
33758270
33761660
33762455
33766281
33766283
33766973
33767897
33769309
33769346
33770083
33775052
33778883
33781955
33782348
33783232
33783519
33792971
33793545
33793585
33794131
33796204
33796895
33797451
33797467
33799582
33804348
33811199
33813054
33815872
33818410
33818794
33819501
33823036
33824994
33827093
33829472
33832023
33832218
33832426
33833137
33833612
33834701
33834974
33835695
33836454
33836682
33840767
33843357
33844583
33848583
33848623
33848729
33849130
33849500
33849656
33849863
33851346
33851392
33852444
33852485
33853422
33855295
33855703
33855779
33857732
33858534
33859149
33859150
33860182
33860184
33860929
33861551
33864540
33865326
33865429
33866543
33867260
33867412
33867415
33868141
33870176
33870179
33870619
33871035
33871711
33874691
33875633
33877036
33877039
33877663
33878429
33878518
33879211
33880796
33881283
33881766
33883115
33883318
33883576
33884149
33886849
33887343
33889091
33890135
33890373
33891974
33894640
33895494
33896870
33897341
33897396
33897585
33901059
33902492
33902960
33903210
33903211
33903212
33903213
33904005
33904178
33904411
33904522
33905863
33906061
33906901
33907966
33908287
33920568
33925097
33926987
33927083
33928516
33928874
33929585
33930503
33933614
33933691
33938027
33939760
33940095
33940995
33942244
33942318
33945587
33945890
33945904
33947659
33949246
33950890
33950976
33952182
33952305
33952387
33952702
33954291
33954747
33954838
33955102
33956781
33956800
33958060
33958062
33959855
33960878
33960881
33960886
33960891
33960896
33960904
33960909
33961160
33962349
33962775
33962776
33964989
33965244
33966103
33966241
33966969
33968413
33968974
33969443
33970101
33973950
33974908
33976431
33977104
33977850
33978345
33982278
33984463
33984570
33984754
33985493
33988821
33989478
33991324
33992168
33992178
33994924
33995257
33998500
33998559
33999698
34000405
34001049
34001577
34001776
34001845
34006687
34006833
34007506
34009402
34010191
34011078
34011921
34014303
34015829
34017986
34018137
34022003
34022303
34023630
34030906
34033130
34033167
34034649
34035018
34035382
34037240
34037991
34038175
34038660
34039646
34039721
34042587
34045273
34050005
34050008
34050421
34052640
34053004
34057410
34057914
34062300
34065687
34068604
34072336
34073168
34073620
34075549
34079035
34080474
34081007
34085604
34085607
34086367
34087652
34091410
34093900
34093932
34094044
34097037
34097300
34097780
34099162
34101684
34102268
34105002
34105253
34106671
34112303
34116828
34117021
34117676
34118110
34119554
34120705
34121555
34125143
34125928
34126184
34128201
34128599
34128855
34129184
34129525
34129526
34129596
34129720
34129986
34130676
34131839
34133830
34133859
34134827
34135845
34137157
34137445
34140123
34142728
34143855
34145791
34146205
34147012
34147702
34151370
34152506
34153820
34154810
34155181
34155506
34155849
34156636
34157738
34157742
34157743
34159222
34159868
34160445
34162453
34164744
34165181
34166574
34167275
34167470
34169878
34170798
34170907
34170921
34173046
34173174
34175593
34176169
34176180
34178223
34180268
34180642
34181271
34181511
34184175
34184176
34184203
34185730
34186111
34186273
34188156
34188578
34191844
34192783
34195285
34195896
34198911
34200092
34202408
34202435
34203693
34210616
34211035
34212272
34215152
34215217
34217683
34218872
34219123
34220471
34222473
34228047
34231810
34234596
34236618
34236619
34236620
34236621
34236622
34236623
34236624
34237350
34238274
34239491
34244997
34246117
34246957
34250465
34251124
34251130
34253268
34253476
34253620
34254678
34255368
34255821
34256016
34256729
34259435
34260614
34261786
34261843
34262121
34263566
34265402
34266800
34266912
34269636
34271124
34271130
34271184
34272185
34272278
34272899
34279723
34280527
34283435
34283451
34283993
34284550
34285016
34288096
34289120
34289133
34289929
34291392
34291760
34292561
34296394
34298573
34301891
34302043
34302751
34304040
34305542
34305558
34307585
34308870
34310165
34313217
34314015
34314341
34315308
34318334
34318920
34320966
34321136
34322956
34325038
34326642
34330840
34330941
34332026
34332536
34334277
34335449
34336505
34338463
34339220
34339224
34339231
34341183
34344773
34345676
34347037
34348181
34350729
34350804
34352783
34353816
34353830
34354661
34355371
34363110
34366051
34367543
34369133
34369429
34373065
34374094
34374226
34379354
34379623
34380676
34380677
34380765
34381123
34383773
34384720
34385545
34387157
34388065
34388066
34389166
34389693
34389905
34390903
34393202
34393964
34394069
34396539
34396725
34397769
34397801
34400425
34402352
34405892
34406272
34408720
34409618
34410916
34412335
34414580
34415510
34415511
34415801
34416666
34416776
34417244
34417951
34418010
34418160
34419252
34419255
34419666
34420027
34420574
34422169
34425452
34425690
34426900
34431580
34432058
34434030
34437995
34438000
34439687
34444713
34445855
34446019
34446650
34447004
34448265
34449291
34449420
34452954
34455694
34459879
34461205
34461768
34462714
34463105
34467380
34468940
34469699
34470701
34471065
34473020
34474318
34474354
34474426
34474428
34474429
34474716
34476719
34479299
34479498
34479749
34479845
34481502
34481750
34481983
34482128
34486951
34487470
34487893
34487962
34488376
34488397
34488903
34488965
34489535
34491274
34491278
34491945
34491946
34494209
34495068
34495807
34501793
34503617
34503824
34504263
34507427
34507909
34508636
34508986
34510091
34510528
34510639
34515457
34516432
34518321
34518322
34518323
34518324
34521122
34521126
34521589
34523720
34523881
34524389
34525363
34528166
34528459
34530605
34531061
34532861
34534164
34534980
34535078
34535480
34538040
34539491
34542954
34544462
34544794
34546157
34546830
34548428
34549525
34549694
34551470
34551858
34552662
34553241
34554992
34558023
34558863
34559182
34561236
34566555
34566828
34566983
34567343
34570381
34573160
34575962
34580048
34580160
34581535
34582604
34583530
34583703
34584130
34586939
34587724
34587761
34588830
34589823
34589896
34591807
34593039
34596228
34596563
34596739
34597614
34598477
34599418
34599493
34600403
34601557
34602295
34602989
34605157
34605668
34605850
34605869
34605874
34605886
34606663
34607816
34610873
34611810
34613453
34615759
34617252
34619784
34620724
34621563
34622873
34624502
34625410
34626181
34629173
34632519
34633416
34633436
34634358
34639841
34642129
34642371
34642843
34644208
34644429
34647762
34648122
34650295
34652436
34652561
34654247
34655220
34656887
34657359
34658820
34660491
34664327
34664888
34665203
34666233
34666665
34668240
34668462
34668605
34670888
34673253
34675720
34676803
34686110
34686524
34688182
34688309
34693510
34694220
34699925
34700278
34702410
34703046
34705652
34705915
34706144
34709022
34709229
34712732
34714543
34715289
34717905
34724397
34724632
34726276
34726933
34732550
34734314
34734350
34735431
34738095
34740890
34741540
34742776
34742905
34743167
34743540
34748269
34748722
34749459
34750350
34750831
34751749
34755322
34755950
34756479
34758256
34761982
34762195
34762375
34763631
34764091
34764915
34767106
34767989
34770239
34772678
34773536
34775631
34777783
34779860
34780702
34782237
34783300
34783500
34783669
34783683
34783874
34784570
34786040
34788364
34788867
34789203
34789304
34789832
34793539
34794327
34796797
34802992
34803617
34803618
34804335
34806564
34808528
34809442
34809608
34811342
34813531
34814769
34815151
34816425
34817264
34817633
34818153
34824383
34826870
34833482
34833681
34838132
34838719
34838931
34838949
34840151
34841973
34842195
34842565
34845399
34847513
34847871
34848132
34848373
34848544
34849728
34852215
34855036
34855749
34855870
34856496
34859572
34861770
34862317
34864357
34864400
34866562
34867303
34867758
34869765
34871706
34871759
34872422
34872686
34873672
34875086
34875188
34875191
34875645
34875862
34877293
34877889
34878723
34879158
34879252
34879485
34880037
34880182
34880859
34882237
34886008
34886752
34887720
34889531
34891456
34891711
34892166
34892555
34893444
34893971
34895026
34895898
34896621
34897383
34903540
34903572
34904563
34905777
34906097
34906982
34908967
34911856
34918695
34919732
34922858
34924437
34924473
34924975
34928706
34928755
34931292
34932816
34933149
34933799
34935030
34939138
34939449
34939493
34941150
34942504
34945718
34950010
34951347
34951352
34952768
34952804
34953071
34953334
34953595
34957848
34961333
34961965
34962657
34962860
34964184
34964507
34964742
34966957
34968449
34969405
34969644
34969790
34970726
34971351
34971390
34971658
34973517
34973968
34974451
34974594
34974895
34975378
34975858
34982400
34984125
34986619
34986627
34987367
34990932
34997395
34997738
34999637
35000270
35000283
35000714
35002061
35002918
35007212
35010627
35015169
35016193
35016814
35017036
35017304
35017364
35025151
35026833
35029334
35029862
35031508
35038852
35041846
35042841
35043642
35045289
35045397
35045738
35046124
35050948
35051869
35058337
35058341
35060284
35064216
35064436
35067376
35067902
35069425
35074289
35076993
35078729
35078943
35081098
35085598
35086496
35086689
35087474
35088756
35088984
35089394
35090592
35091359
35091458
35091735
35091976
35092219
35093574
35093627
35093640
35093702
35098756
35099421
35100999
35101314
35102538
35107561
35107592
35107942
35109771
35111026
35111552
35113077
35115852
35120078
35120195
35121672
35122892
35122961
35125429
35126196
35128877
35129784
35130240
35130751
35133317
35134643
35134706
35135966
35139180
35141860
35143038
35143400
35145021
35145389
35148892
35149137
35150050
35150431
35150505
35151618
35151967
35153656
35154980
35158110
35162700
35165584
35166637
35169840
35169869
35170178
35172944
35176521
35177430
35179405
35180064
35180827
35181480
35184322
35186217
35188533
35189776
35191034
35191496
35194889
35195548
35196426
35196432
35196995
35197453
35201682
35203921
35203961
35203974
35204057
35204606
35210069
35210070
35210082
35210085
35210626
35210934
35213312
35213783
35217632
35218414
35220032
35220161
35220263
35226655
35226666
35226979
35227417
35227627
35228569
35230559
35233717
35238715
35239541
35239554
35243988
35244055
35244839
35246030
35246165
35246291
35247298
35249075
35249549
35249573
35249636
35249637
35249703
35250370
35250440
35250990
35251034
35254551
35254675
35256196
35256484
35256582
35257892
35258693
35259328
35260280
35263805
35264452
35264453
35276544
35276546
35277443
35277446
35278002
35278273
35285330
35285732
35287564
35288637
35288751
35288927
35290446
35292196
35295839
35296334
35296495
35296617
35297335
35299226
35300584
35300818
35300913
35302419
35302666
35302854
35304551
35307700
35311218
35313073
35313885
35315299
35317478
35318205
35318392
35318714
35320586
35322140
35322503
35322709
35325257
35325660
35326279
35326288
35326311
35326331
35331422
35331869
35333804
35333850
35342155
35343647
35344209
35348054
35349633
35350027
35350554
35350916
35351228
35353122
35353887
35354782
35355169
35359223
35360072
35360210
35362744
35363264
35364244
35364276
35365286
35365824
35367389
35368271
35369563
35369976
35370087
35373705
35373858
35377533
35378224
35379680
35381214
35382981
35383998
35388029
35388935
35389961
35390225
35391511
35392885
35394972
35395407
35396234
35396674
35397350
35398046
35398947
35398998
35400676
35403201
35403592
35404392
35405100
35408973
35411539
35412922
35413337
35414251
35417396
35417436
35417877
35422350
35426648
35428935
35432173
35435339
35436784
35437670
35438289
35443120
35443121
35443895
35444252
35444490
35444594
35446433
35446897
35447011
35447960
35447961
35448008
35449384
35449850
35451519
35452564
35452606
35452944
35461434
35462759
35463517
35467933
35468201
35469391
35470141
35470517
35471582
35472693
35474255
35475793
35476062
35477683
35481537
35487840
35488638
35488868
35490145
35491805
35495008
35499563
35499679
35500840
35501720
35502914
35504344
35504665
35504710
35505222
35506776
35509991
35511244
35514087
35524080
35526887
35526888
35527332
35529593
35531895
35532715
35534658
35534661
35534771
35535428
35535653
35535839
35537772
35538434
35543202
35545450
35545582
35546269
35546561
35546563
35546654
35549669
35550620
35551718
35562226
35568347
35569326
35569891
35569893
35569902
35569969
35569982
35570725
35573300
35575152
35579006
35580064
35580094
35580484
35580851
35582782
35583214
35583744
35584066
35584156
35584922
35585474
35585526
35587897
35589410
35589602
35589667
35589672
35592525
35593355
35593429
35597165
35598131
35599110
35599202
35599443
35599728
35600632
35601422
35601902
35603051
35603748
35603771
35608720
35610018
35610197
35610230
35619213
35620021
35620876
35620895
35622426
35622950
35623595
35624956
35624969
35627817
35634863
35634869
35635274
35635833
35636157
35637014
35637029
35638492
35639356
35640136
35641806
35643260
35643270
35643299
35644354
35646671
35648706
35650056
35652768
35653313
35654226
35654227
35655196
35655622
35657497
35658362
35658766
35659457
35660279
35665924
35666347
35666526
35667286
35670336
35670595
35671738
35673752
35673757
35673855
35673989
35675086
35678868
35680284
35680575
35680581
35685837
35687924
35688614
35691000
35691016
35692246
35695264
35695715
35696256
35696412
35698204
35698698
35699082
35704530
35708273
35708619
35708821
35709695
35711606
35712532
35714454
35714513
35715614
35716774
35716940
35716941
35717664
35718011
35720697
35723812
35724871
35725514
35725596
35725944
35726723
35727569
35730931
35731156
35731261
35731817
35732222
35738292
35738414
35741179
35746928
35748411
35748958
35749152
35749428
35750449
35750926
35752732
35752902
35753507
35753855
35753864
35753973
35753974
35753977
35756187
35758358
35759874
35761962
35762141
35763606
35764807
35766175
35766370
35768013
35768299
35768641
35769213
35772816
35773737
35776069
35776392
35776403
35776892
35779380
35781831
35785343
35786635
35787190
35787493
35788406
35790202
35791000
35793706
35793863
35796124
35797292
35802294
35803368
35803974
35804336
35809079
35809949
35810600
35812212
35812674
35816488
35817130
35817356
35818925
35819388
35821776
35831777
35834784
35834829
35835598
35838322
35840452
35842546
35842737
35843860
35844817
35849545
35851565
35852394
35853435
35854082
35855123
35856528
35856973
35858614
35858739
35859085
35859332
35859466
35860489
35863979
35864619
35864656
35867479
35867535
35870385
35870636
35871579
35872992
35875805
35876187
35876960
35877164
35878579
35880590
35881643
35884699
35892486
35896769
35898373
35899005
35899549
35900967
35901103
35902105
35902627
35902799
35905772
35906860
35907336
35907611
35907787
35908689
35908952
35909015
35909133
35910337
35911077
35911767
35912377
35912426
35912611
35913711
35914589
35914657
35916363
35916924
35920129
35921194
35922189
35922190
35922831
35924289
35924302
35924722
35925121
35925189
35926173
35927057
35927770
35929446
35929469
35929600
35931703
35933364
35933646
35934535
35934928
35937075
35939292
35940931
35941275
35941403
35941792
35943057
35943353
35943422
35945051
35945158
35945394
35946179
35947405
35949137
35949817
35949846
35952553
35953488
35958938
35960230
35961127
35961475
35961833
35962703
35970718
35972013
35973838
35978256
35978275
35978560
35980416
35981805
35985125
35987636
35988328
35994563
35995518
35997955
35999409
36000787
36001140
36001643
36002509
36002562
36002633
36003122
36005816
36007069
36007934
36008205
36009107
36009158
36009445
36012435
36012943
36013112
36016893
36026702
36027564
36027567
36031885
36033632
36038210
36039997
36040865
36041343
36042144
36044329
36044794
36047116
36049965
36052103
36053735
36056529
36056590
36058165
36058439
36058523
36059007
36062717
36063590
36063757
36064116
36065697
36067227
36067595
36067911
36068111
36068496
36071598
36075846
36078734
36081727
36082602
36083104
36084701
36085272
36086422
36086783
36087024
36088094
36088210
36089161
36089360
36089516
36093291
36096418
36096711
36096742
36097353
36097395
36098388
36100224
36100228
36100285
36106859
36107531
36107607
36108488
36109071
36109448
36109449
36109582
36111413
36111884
36114133
36115362
36117639
36118016
36121553
36123133
36123136
36123140
36123569
36126007
36126921
36129623
36130079
36131181
36131183
36132425
36135990
36137867
36139092
36140820
36148124
36149622
36149641
36152225
36153047
36153050
36155362
36156527
36159090
36160523
36163235
36167661
36167950
36168956
36169503
36169693
36169932
36175980
36179607
36180360
36181084
36181960
36182712
36184061
36187501
36187561
36188394
36190503
36192142
36194290
36195070
36195381
36195683
36197182
36197798
36197967
36200558
36202500
36202567
36203176
36205994
36207428
36207980
36208038
36208953
36209483
36210114
36210256
36212997
36214116
36214506
36214902
36215903
36217733
36219798
36220539
36222470
36223218
36223519
36223950
36225161
36226378
36226388
36227041
36227443
36228991
36229576
36231428
36232963
36233081
36237619
36237876
36238484
36241135
36241239
36241517
36241773
36243578
36244567
36244748
36248686
36250436
36251060
36253262
36253910
36254102
36254427
36259374
36261308
36261906
36263521
36266456
36270501
36272163
36272710
36277049
36277055
36279446
36279459
36279595
36280547
36283086
36286824
36287862
36291240
36291307
36294735
36299294
36302042
36302699
36303273
36307771
36309890
36310443
36314238
36316878
36317719
36318552
36318910
36323711
36324001
36326654
36326945
36327111
36328928
36332462
36332751
36333252
36333387
36333656
36335241
36337012
36339691
36342108
36342119
36343182
36343241
36344267
36345227
36345887
36346017
36349715
36350037
36351494
36352658
36354227
36355411
36357226
36357697
36358021
36360608
36367112
36369011
36370989
36371596
36372592
36373524
36374060
36374492
36374869
36375509
36375653
36377209
36377433
36378270
36378865
36378929
36380126
36380304
36380825
36380885
36383050
36383415
36388222
36389230
36396011
36396513
36397456
36398720
36401055
36401665
36402640
36403945
36404130
36408094
36411387
36412198
36413639
36414015
36415835
36417336
36418623
36421880
36424009
36424181
36424739
36426606
36426722
36426867
36427101
36427896
36428099
36430924
36431160
36435385
36435622
36436914
36436918
36437313
36437496
36437902
36441561
36441768
36442584
36442585
36442595
36442670
36443457
36445101
36446829
36447156
36447440
36447843
36449723
36449742
36449792
36451504
36451528
36454420
36454812
36455196
36457790
36459476
36459652
36460293
36462247
36463057
36464592
36465762
36465958
36467212
36467262
36470667
36472423
36475884
36476705
36479809
36480592
36481776
36484114
36484623
36484864
36494776
36496039
36501996
36503159
36503814
36508079
36509055
36510267
36515405
36516306
36517730
36519910
36521683
36522161
36522453
36522680
36522695
36524598
36526808
36526943
36526944
36527909
36529066
36529077
36529482
36534734
36536249
36537271
36537543
36538152
36538599
36539183
36539996
36541091
36541353
36542414
36542764
36544434
36546036
36548532
36550633
36550826
36550834
36554452
36562915
36565190
36568142
36569941
36571928
36575016
36576237
36576341
36576494
36577320
36579661
36581835
36584105
36584584
36585220
36585613
36585735
36589531
36593347
36594318
36594995
36595010
36595011
36596002
36598747
36606400
36608535
36609078
36609299
36609395
36609421
36618298
36620231
36624371
36626290
36626485
36629673
36630828
36631432
36632690
36632891
36634197
36635722
36637499
36637902
36638220
36638366
36639324
36640479
36642506
36645299
36648166
36648968
36649198
36649458
36650453
36651195
36652358
36652366
36652367
36652368
36653197
36653881
36655666
36656455
36656685
36656813
36657242
36657409
36660283
36661259
36661427
36669352
36671987
36672033
36672127
36676702
36681160
36681430
36681915
36681917
36681919
36681925
36682744
36683431
36686617
36690936
36694119
36694310
36695622
36699802
36701388
36702043
36702200
36702697
36703014
36705191
36707437
36707455
36710672
36711155
36713114
36714665
36714930
36715702
36716253
36716412
36718005
36718654
36720594
36722226
36722240
36722249
36722309
36724328
36724523
36724802
36725176
36726008
36730940
36734005
36734739
36735192
36735353
36736600
36737506
36737866
36738231
36739618
36740030
36740093
36740262
36742354
36743701
36745843
36746335
36747031
36748770
36749767
36750292
36750806
36752628
36753018
36754040
36754404
36754832
36755244
36756928
36757748
36763823
36764571
36764887
36766612
36772952
36773014
36774906
36775686
36779067
36779466
36779521
36779707
36787468
36788649
36790817
36791299
36792379
36795052
36797027
36797824
36799029
36800600
36800607
36800624
36803124
36803989
36810219
36810220
36810330
36810828
36811431
36814102
36815829
36816138
36817098
36817874
36819439
36820574
36822459
36822806
36823428
36823636
36824479
36825579
36825646
36827073
36828292
36828739
36831737
36831851
36833354
36836691
36837618
36841790
36842681
36843440
36845443
36846226
36846600
36848128
36849156
36849300
36849351
36853561
36853882
36854104
36854621
36854835
36855149
36858388
36858431
36858704
36860574
36861546
36861602
36861649
36866398
36868043
36868292
36868307
36868965
36869725
36869871
36870944
36871404
36873436
36873744
36875968
36877009
36879014
36880283
36882182
36882201
36882830
36889380
36890542
36892318
36892802
36897531
36897972
36898318
36899399
36907265
36908451
36911132
36912282
36913982
36915024
36916185
36918572
36918774
36919323
36926139
36927406
36927446
36927665
36928493
36929226
36935638
36937511
36937731
36939691
36939698
36940924
36944001
36945469
36946167
36946407
36946717
36947244
36950851
36951421
36951448
36959339
36960328
36960856
36961823
36961861
36963613
36963740
36964113
36964160
36964501
36965001
36965351
36971023
36973147
36974339
36977194
36977648
36977963
36980361
36987533
36987801
36989098
36991177
36992586
36992596
36993195
36994490
36995954
36997181
37002978
37003937
37005175
37005280
37005647
37006496
37008222
37009339
37011480
37012353
37013173
37013466
37014118
37014353
37014450
37014537
37014841
37017239
37017727
37019279
37019336
37019371
37021351
37021437
37023155
37023980
37024200
37025356
37026138
37026142
37026553
37028068
37029315
37029805
37029810
37031037
37031550
37031986
37032222
37036001
37037377
37038311
37038583
37039496
37039506
37040082
37041081
37043447
37047741
37047753
37051055
37056197
37056480
37057799
37058217
37058590
37059088
37059352
37062741
37063099
37064187
37064695
37064779
37065263
37066465
37067214
37067976
37069530
37069756
37070819
37075078
37076250
37076304
37076951
37077023
37078730
37080866
37085038
37085210
37086939
37087504
37090984
37093336
37097853
37099276
37100187
37100392
37100976
37101890
37104676
37113750
37114304
37119579
37121434
37121778
37122310
37123360
37125347
37125507
37125552
37125770
37125806
37126719
37127312
37128135
37128253
37131021
37131029
37131033
37137258
37137676
37139860
37142308
37142513
37142894
37142971
37143409
37144988
37145371
37147335
37147412
37147568
37148709
37149460
37153594
37154145
37156041
37156617
37157048
37157947
37159646
37161021
37161597
37162397
37162720
37164175
37164785
37165347
37165387
37165429
37166195
37168716
37170710
37171113
37171322
37171572
37171701
37171751
37178149
37179179
37180880
37181339
37181909
37182231
37182683
37182824
37187131
37188468
37189980
37192341
37194249
37195622
37195702
37196986
37197958
37200752
37201937
37203052
37208523
37209758
37211083
37211245
37211472
37212369
37213564
37217437
37222294
37223133
37226060
37227009
37227356
37227975
37228786
37229432
37236128
37239007
37239286
37245646
37245704
37246498
37247221
37249946
37250411
37252613
37252709
37253613
37254159
37254960
37257364
37263497
37264322
37264671
37265651
37265655
37266028
37268266
37270194
37271305
37271865
37272159
37272934
37274200
37274218
37276835
37277338
37279513
37282521
37285526
37286345
37286391
37289864
37290537
37292872
37294444
37294865
37297761
37297983
37300254
37300762
37301483
37301720
37302073
37302715
37303294
37303333
37303630
37306018
37306197
37308300
37309308
37310047
37310486
37312467
37314079
37314220
37314247
37315149
37315406
37316637
37317813
37317895
37318140
37320998
37322799
37326089
37329567
37329762
37329936
37334541
37334722
37335688
37335732
37335747
37336670
37338384
37339886
37340348
37343025
37343139
37347452
37347885
37348187
37348826
37349069
37349602
37353607
37353754
37355090
37355424
37355457
37357421
37357717
37358245
37360157
37362033
37363462
37363571
37363927
37364165
37364282
37365135
37367446
37371315
37371359
37377409
37377698
37378082
37379085
37379304
37379939
37380827
37381937
37381938
37382151
37382184
37382896
37383444
37385110
37385838
37386074
37386419
37387124
37389534
37391376
37391395
37393116
37393604
37394492
37394782
37398912
37400259
37401050
37401509
37409020
37414210
37414243
37414565
37417436
37418223
37418436
37419281
37419955
37421239
37422543
37428019
37429273
37429707
37429708
37429709
37429710
37429711
37429712
37429713
37429714
37430207
37433686
37434103
37434290
37434363
37435058
37436769
37437659
37438060
37438729
37441829
37442277
37445591
37445625
37448919
37449437
37450213
37452270
37452958
37453939
37454563
37455467
37455874
37456473
37456633
37458453
37458635
37458702
37459910
37460437
37460866
37461075
37461521
37462719
37464301
37465972
37466252
37466594
37467269
37469954
37470064
37470289
37471214
37474247
37474457
37474459
37474888
37479398
37480909
37481483
37482388
37485600
37487420
37488068
37490432
37491259
37491800
37491938
37492360
37492400
37492869
37493388
37494926
37495329
37496734
37497636
37498745
37498994
37500493
37500680
37508935
37510033
37515394
37517573
37519075
37519171
37523110
37524369
37524730
37525097
37525451
37525654
37525898
37527918
37528432
37528598
37530664
37531893
37532495
37532593
37532808
37533465
37534828
37534967
37537417
37541783
37541845
37542394
37543939
37545735
37547136
37548730
37549432
37552410
37553927
37556654
37558291
37558757
37563593
37563721
37563991
37574216
37580182
37582353
37582758
37585344
37585345
37586859
37589189
37589355
37589875
37591689
37593740
37597120
37597263
37600551
37603601
37605926
37606737
37606813
37608315
37609540
37610641
37612201
37615385
37615632
37616043
37616196
37622579
37624747
37626244
37633760
37634862
37635025
37635049
37636535
37638177
37638973
37639017
37640749
37641463
37641601
37642011
37642637
37643397
37643655
37646197
37647986
37648038
37648530
37650470
37651119
37652673
37652783
37655422
37657492
37659137
37659409
37659462
37659867
37660964
37661012
37661147
37661717
37668819
37673685
37674934
37675906
37677978
37678983
37679476
37679900
37681681
37689475
37689590
37693433
37693756
37694899
37696609
37696861
37697124
37697128
37697249
37697764
37698401
37704433
37704934
37704937
37709200
37710211
37712083
37713280
37714368
37715142
37715193
37717641
37717931
37718411
37718541
37720964
37723042
37726165
37726548
37726766
37728293
37728569
37728641
37730452
37732884
37733058
37734157
37734158
37736855
37737484
37740480
37740729
37740739
37742640
37743133
37743496
37746353
37747484
37748425
37748883
37748961
37749612
37752296
37752297
37752648
37756029
37757549
37757913
37758177
37758372
37758373
37759377
37759896
37767527
37768423
37770194
37770638
37772721
37773027
37776375
37776935
37777071
37777242
37778457
37778615
37779024
37779075
37782643
37783170
37784181
37786588
37786906
37787241
37788140
37791480
37792813
37793284
37793424
37793748
37794309
37797258
37798716
37802597
37805059
37806053
37806147
37811845
37816314
37816572
37819189
37819957
37821131
37821720
37821721
37823366
37827212
37827427
37827818
37828345
37829726
37831288
37832068
37832092
37837651
37838012
37838526
37844950
37848196
37849837
37855276
37855654
37855659
37855929
37856068
37857492
37858285
37859484
37861265
37862913
37863419
37863451
37874345
37874434
37875372
37876138
37876411
37879694
37879900
37880168
37880777
37885292
37885294
37885375
37886691
37888955
37891240
37891623
37897244
37897915
37898378
37899373
37900788
37902356
37902596
37903631
37903645
37904034
37904241
37904512
37905785
37908204
37909318
37910781
37914242
37914581
37914619
37914931
37921260
37921516
37921875
37922783
37923160
37923969
37925597
37930300
37930668
37931164
37933356
37933994
37936795
37937754
37937761
37937781
37938126
37938130
37942089
37942594
37943207
37943300
37943777
37945410
37945710
37947362
37948204
37949934
37953203
37953463
37953937
37954587
37956775
37960810
37960844
37962787
37962962
37964079
37964683
37965482
37965804
37966309
37967487
37972676
37973473
37973526
37974159
37974393
37976169
37979901
37979975
37981308
37982260
37982686
37982691
37983633
37983697
37983699
37984332
37985180
37985808
37985812
37986119
37987125
37989756
37989971
37990291
37990305
37990463
37991607
37993197
37993198
37994125
37999945
38002502
38002830
38004015
38005466
38006673
38009970
38010153
38010291
38010311
38011875
38012462
38012766
38013147
38013371
38013383
38015549
38015677
38015745
38016726
38017498
38019204
38019414
38019968
38019975
38023051
38023143
38028278
38030051
38030756
38030874
38030876
38032547
38033406
38033674
38034118
38034668
38034823
38036032
38036236
38036840
38038245
38039118
38040825
38041431
38043390
38048188
38048654
38052327
38055366
38055450
38055962
38056632
38056857
38057243
38057543
38059731
38059941
38060232
38062304
38062346
38062571
38063176
38063823
38066088
38066467
38069938
38071097
38071588
38071688
38074667
38077155
38077835
38078120
38079307
38081738
38081743
38082049
38082663
38086065
38086978
38088518
38090162
38091589
38091597
38091849
38094111
38095899
38096663
38098029
38098536
38099818
38101926
38102057
38103392
38103685
38103857
38104006
38105763
38109117
38110079
38113342
38113836
38115349
38123177
38123593
38125615
38126484
38128913
38129774
38131049
38131173
38134108
38134114
38135170
38137708
38141132
38141900
38142333
38142538
38145194
38145522
38150959
38152405
38152917
38153128
38153516
38154866
38154883
38154918
38156271
38156553
38156655
38157438
38158164
38158188
38158482
38158511
38158580
38159279
38159427
38163879
38165089
38165145
38165302
38165316
38165357
38165387
38165388
38165693
38167183
38168729
38169536
38171953
38172270
38175574
38175684
38176048
38178046
38178839
38180451
38180472
38182918
38185629
38189165
38190156
38190240
38190526
38190741
38190847
38192013
38192028
38193722
38193734
38198875
38198979
38202115
38206318
38207285
38212957
38215152
38215326
38216918
38216985
38217098
38217344
38217619
38217623
38219889
38222755
38223360
38226454
38230516
38231492
38233995
38235248
38236856
38236860
38236869
38236880
38236886
38236892
38238457
38238759
38239540
38240206
38240356
38243997
38244008
38246654
38247098
38249572
38251068
38251584
38254130
38254962
38255189
38256581
38258625
38260028
38262617
38263322
38265321
38266332
38267273
38267298
38267932
38268858
38273262
38275295
38276938
38277029
38277312
38277313
38278534
38279084
38279788
38280253
38281268
38281748
38284641
38285741
38287395
38289301
38289856
38290984
38291278
38291641
38291642
38291872
38291888
38292942
38293050
38294440
38295384
38295471
38303080
38305709
38308177
38308200
38308526
38313440
38314699
38315126
38315895
38318916
38320013
38321515
38322404
38324494
38324495
38324496
38325835
38326152
38327828
38328910
38329043
38329075
38330801
38331395
38332427
38332592
38333261
38333478
38333656
38334970
38339802
38340323
38340330
38340983
38341476
38344040
38346499
38346870
38349503
38349891
38350074
38353505
38353785
38359336
38363570
38363758
38363934
38366071
38366677
38366789
38367859
38367980
38369454
38369861
38373646
38377244
38377647
38379393
38379759
38380494
38381009
38381451
38382236
38382768
38383172
38383855
38384617
38385649
38385681
38385915
38386574
38388319
38389047
38395004
38395924
38401417
38401630
38402334
38404225
38404441
38406308
38407824
38407885
38408268
38408292
38408293
38409910
38410155
38412555
38416500
38429987
38432746
38432984
38434205
38434219
38436389
38436790
38436946
38439197
38440949
38443059
38445097
38445405
38445531
38448003
38450273
38450794
38451278
38451801
38453164
38453502
38456284
38456616
38457160
38457578
38461650
38462522
38465528
38465643
38467317
38468268
38470033
38471778
38475693
38476648
38478367
38479951
38480839
38481179
38481553
38481886
38483236
38486257
38489260
38489591
38491407
38492716
38497042
38497612
38499333
38499825
38499839
38502553
38502856
38503099
38506559
38508294
38508486
38511552
38512640
38512722
38515009
38515549
38517097
38519251
38520815
38521350
38522314
38529800
38533445
38534183
38534899
38534984
38536869
38539627
38540984
38541716
38541995
38545928
38548243
38549110
38549250
38555421
38556798
38557783
38560509
38560902
38565456
38565762
38569258
38572563
38573611
38573629
38573647
38573648
38573650
38574286
38576167
38577783
38580801
38581002
38581752
38584117
38585256
38586716
38587813
38589770
38590089
38594757
38598128
38599375
38600450
38600456
38600777
38602671
38603941
38604405
38605221
38613734
38613812
38615177
38616243
38616670
38618408
38619591
38619827
38621186
38621187
38621220
38621480
38621687
38625830
38627056
38627574
38627622
38627666
38629798
38629908
38630044
38632055
38633233
38633536
38635129
38636295
38641169
38642934
38643463
38643998
38646961
38647548
38648473
38648579
38648599
38648601
38648602
38648603
38648604
38648606
38648607
38649652
38651110
38652876
38655597
38656699
38661501
38662060
38662061
38662988
38663341
38664328
38666266
38666734
38669005
38671313
38671477
38671971
38672020
38677241
38678442
38680420
38680712
38681973
38683525
38685376
38691516
38692117
38693738
38695339
38695586
38696077
38700751
38700783
38701063
38701401
38704723
38706050
38707040
38707352
38708765
38708878
38709502
38712161
38714610
38718631
38720511
38721609
38724216
38726008
38727539
38728813
38729347
38731038
38732339
38734048
38740852
38741134
38741176
38741355
38741590
38742176
38742989
38745818
38749441
38750280
38750393
38755330
38760449
38761411
38761695
38761713
38762493
38763838
38765005
38768038
38768678
38769724
38775174
38775693
38775697
38775698
38778074
38778678
38780672
38781099
38787550
38789289
38790122
38794952
38797841
38800457
38801002
38801219
38801275
38804200
38806141
38809751
38811102
38811512
38815848
38819733
38820520
38821030
38821397
38821572
38824037
38824445
38826664
38826674
38826755
38829292
38829591
38829592
38829594
38829595
38829596
38829600
38829601
38829603
38829604
38829605
38830290
38830314
38830320
38831304
38831383
38832410
38833346
38835224
38836716
38839518
38842408
38844599
38845111
38847097
38850214
38852974
38857579
38861623
38862708
38871037
38871205
38871657
38875417
38879433
38881019
38881070
38881630
38882693
38883812
38885970
38887072
38887494
38887502
38889223
38892977
38894559
38894773
38895541
38898549
38899970
38900394
38902580
38903460
38905425
38912722
38913094
38913351
38917136
38918336
38918338
38926194
38930045
38932802
38934196
38937947
38937983
38939880
38941157
38941367
38944347
38945370
38945804
38945819
38946255
38949742
38950601
38951444
38951950
38952031
38952436
38953093
38954426
38955930
38956393
38959613
38959624
38964662
38965163
38967329
38967488
38967885
38968195
38969875
38970282
38970667
38971502
38973126
38977494
38982000
38983490
38986463
38990358
38991197
38991682
38995598
38995892
38997514
39002275
39002280
39003491
39003494
39010944
39011546
39012395
39013467
39013746
39015472
39016349
39018166
39019827
39022924
39024171
39024568
39024595
39026044
39028785
39028861
39029081
39029579
39033787
39035050
39036346
39037110
39037252
39037321
39039876
39041995
39043983
39043984
39044295
39046967
39047699
39048368
39049132
39051821
39052096
39053636
39056037
39056373
39056406
39056908
39060155
39061428
39066836
39067553
39072511
39074021
39075138
39075188
39075784
39082124
39087853
39087892
39088699
39089851
39090230
39091894
39095575
39095884
39095935
39097396
39099388
39103539
39104885
39106234
39106737
39106957
39109014
39113448
39114510
39117555
39117963
39120209
39121268
39126726
39126812
39127155
39130952
39132012
39134788
39135498
39135820
39137069
39137114
39137984
39140244
39141852
39142609
39142731
39143375
39143753
39144968
39145381
39146640
39147581
39150811
39151721
39156273
39156278
39158593
39159298
39159302
39160454
39160475
39160854
39162825
39163090
39163430
39163451
39164180
39164537
39166416
39167189
39167559
39168184
39168938
39169451
39171572
39173327
39174000
39174218
39178939
39179424
39180112
39181763
39182938
39183500
39185092
39186838
39187152
39187690
39187691
39190136
39192103
39193259
39197958
39197982
39198494
39198758
39202565
39206297
39206298
39207290
39209704
39209971
39210928
39211655
39213485
39214793
39216064
39216896
39218350
39219607
39224997
39226995
39228239
39232370
39234829
39234834
39235682
39235869
39237439
39237849
39237980
39239771
39240673
39241357
39241543
39243687
39245233
39248323
39248326
39252049
39252251
39252439
39252548
39252684
39254119
39255823
39258659
39260738
39260950
39265116
39266276
39266503
39267619
39267763
39268151
39273787
39275814
39277849
39278217
39279447
39283974
39285376
39287285
39291097
39291895
39295521
39296444
39297657
39298596
39299790
39300039
39300281
39300529
39301676
39301810
39301947
39303457
39304396
39304560
39306335
39312336
39312635
39313082
39313802
39315845
39315997
39319760
39320864
39322047
39322576
39322845
39323273
39327646
39328402
39329360
39329383
39331859
39335376
39335384
39335467
39337015
39341067
39341748
39342446
39343037
39344015
39345640
39345958
39348516
39349428
39349600
39349851
39350354
39350836
39351395
39351718
39353873
39354124
39355234
39356691
39362918
39364493
39364965
39366509
39368632
39373846
39374396
39375895
39377217
39378606
39380414
39384890
39385995
39389613
39390430
39393397
39393509
39394544
39395755
39397550
39397761
39399006
39400043
39401452
39402444
39402459
39405100
39405371
39407076
39407807
39407812
39408023
39410832
39411721
39414293
39414319
39414442
39417105
39417948
39419168
39420636
39420913
39421719
39422977
39425043
39427962
39429136
39431834
39432179
39433705
39434088
39435704
39436882
39437375
39443437
39445445
39447811
39449769
39450804
39452050
39453292
39456105
39457557
39458175
39460969
39463979
39466865
39467546
39469073
39471113
39472602
39477905
39481346
39483808
39484242
39486289
39486578
39487841
39490962
39494307
39497461
39500090
39500330
39501143
39503124
39505510
39505917
39508317
39509990
39510308
39516151
39521620
39523593
39526412
39528539
39529453
39530489
39531961
39531981
39532328
39532381
39532777
39533419
39534901
39535746
39536717
39538282
39540192
39544322
39545032
39548875
39549948
39551889
39555272
39555893
39558675
39560861
39561501
39565190
39566554
39566822
39567632
39568089
39569604
39570201
39577009
39577555
39578287
39579324
39581487
39585289
39585449
39586127
39586299
39586729
39587526
39587778
39588454
39593239
39600553
39600806
39605141
39605999
39607362
39608126
39608288
39609175
39609177
39612474
39613119
39615037
39621236
39621977
39622450
39622919
39623004
39624459
39627786
39630065
39630066
39630707
39632569
39632615
39642375
39644154
39644841
39644882
39648769
39651493
39652809
39655516
39656885
39658315
39659957
39662530
39663795
39665237
39665912
39668847
39669104
39671156
39673094
39674532
39675738
39676246
39677366
39679854
39679922
39680526
39687401
39690087
39690521
39691074
39691882
39695124
39697021
39698148
39699547
39700046
39701335
39704227
39705671
39706237
39706482
39708037
39708317
39709693
39711414
39725333
39727336
39734209
39734630
39735425
39736021
39737273
39737287
39738114
39742538
39746840
39747147
39749272
39749424
39755636
39755707
39761563
39764567
39776350
39776437
39780474
39785823
39786439
39786948
39790852
39792532
39794192
39798173
39799520
39803150
39804304
39806353
39810074
39810582
39812831
39813809
39814519
39819821
39821313
39822953
39823533
39823742
39830198
39831384
39831997
39834088
39835149
39835436
39836683
39837770
39840191
39843799
39847022
39849222
39849646
39850772
39851438
39854293
39859014
39862011
39862619
39865270
39866265
39867031
39867769
39868254
39869457
39870472
39873738
39878966
39881568
39883907
39886057
39886463
39886471
39887894
39888179
39891609
39893351
39897616
39899602
39903731
39904872
39906544
39909318
39915775
39917153
39919388
39920298
39922287
39924072
39927817
39928598
39933130
39933965
39935837
39944343
39946834
39950538
39951385
39956312
39958332
39962618
39967804
39970079
39971154
39975853
39975972
39977297
39977513
39977514
39977520
39979106
39979182
39980379
39987100
39988034
39988773
39990219
39992842
39994437
39996144
40002451
40002523
40003689
40010829
40012684
40013900
40016106
40017212
40019309
40021944
40023274
40025051
40027829
40029302
40033114
40034215
40034622
40036103
40036602
40036968
40037218
40037677
40039083
40043170
40043178
40044067
40047739
40050126
40050808
40051582
40052272
40053201
40056784
40057840
40058515
40059433
40061396
40062653
40067602
40068530
40068898
40069809
40070487
40070612
40070671
40074095
40075150
40078254
40080080
40082337
40085349
40087688
40087993
40090055
40093212
40093862
40094251
40097220
40098393
40098794
40099045
40099496
40102067
40103329
40107902
40107908
40112910
40113116
40114571
40117099
40117421
40117829
40118141
40118258
40121697
40124180
40127690
40128186
40129789
40130120
40133758
40134693
40137570
40139629
40139832
40140296
40140580
40141360
40143354
40144623
40146949
40147179
40147181
40147183
40149764
40149788
40153850
40159220
40163824
40164337
40170899
40173216
40179374
40180407
40181037
40185963
40187276
40188713
40189126
40189133
40191062
40191562
40196971
40197121
40199538
40200796
40204075
40204326
40204533
40205550
40206295
40208123
40209904
40211780
40211935
40213592
40215244
40215590
40217377
40217465
40218844
40220783
40221123
40221631
40222733
40223145
40223316
40224645
40230344
40231198
40232931
40234630
40235930
40236893
40239412
40241389
40241432
40244319
40245755
40246525
40247960
40248828
40248829
40250641
40252958
40253244
40255785
40256988
40257215
40258330
40258629
40260139
40260620
40262479
40262917
40263907
40264910
40265985
40266870
40267939
40269771
40270105
40274956
40275709
40276667
40276806
40279237
40279280
40280145
40280593
40280607
40285524
40287035
40288350
40292355
40296011
40296307
40298444
40300559
40301033
40302463
40304025
40304935
40308025
40308927
40309823
40309865
40311176
40313496
40314032
40315715
40315716
40316786
40317439
40318407
40318996
40319403
40320949
40324087
40325360
40326007
40329253
40329319
40330078
40335277
40343214
40349284
40354541
40358801
40359361
40359880
40360130
40367603
40368055
40369769
40376638
40377428
40377735
40379305
40384317
40384611
40385397
40385977
40387463
40392139
40392254
40392665
40395691
40396143
40398872
40399858
40407601
40409670
40409776
40410894
40412604
40416263
40417781
40419961
40422414
40424239
40425026
40426658
40428845
40432440
40432773
40433835
40437589
40437725
40444410
40455544
40455956
40459961
40460375
40460524
40461610
40462218
40474300
40478900
40483726
40483922
40484215
40489752
40489772
40490603
40492484
40493478
40494554
40495131
40496240
40498421
40498896
40499656
40501148
40505022
40505421
40512360
40512483
40513240
40518462
40518579
40521588
40521865
40522174
40525267
40527153
40529439
40530808
40532423
40532737
40532936
40533052
40537722
40538395
40538658
40539283
40539771
40542291
40543546
40544890
40545233
40545400
40550058
40550070
40550209
40551064
40553552
40556649
40557879
40564809
40566765
40566931
40571385
40577112
40578266
40579677
40582486
40585817
40587738
40591949
40592794
40594314
40598736
40598803
40599144
40600382
40600651
40600687
40605180
40605860
40608587
40611340
40611913
40614099
40616769
40617737
40617993
40620487
40620862
40621186
40621205
40621213
40621582
40622385
40622589
40624272
40625199
40627389
40628627
40629212
40629213
40629582
40632123
40632124
40632131
40632134
40633505
40634411
40635071
40635488
40636632
40637436
40637514
40642860
40651079
40652961
40659406
40660118
40660597
40661244
40663341
40667969
40668516
40670080
40673931
40675150
40676114
40679136
40680934
40681215
40681705
40682509
40682867
40687143
40689319
40691170
40692467
40694971
40695269
40695497
40697971
40701207
40702627
40702739
40703582
40706072
40707525
40711621
40713203
40715593
40717347
40718992
40719187
40720340
40721983
40722044
40726734
40736255
40736396
40736881
40739528
40740448
40742901
40743773
40745687
40746120
40754263
40759500
40759876
40760564
40767945
40769669
40769910
40774814
40777927
40778352
40778356
40780451
40780697
40783100
40787110
40789803
40794438
40794983
40796029
40796388
40796389
40796391
40796437
40796886
40796934
40797020
40797436
40808419
40809137
40812288
40818770
40819069
40826499
40827266
40829380
40829521
40832150
40832812
40834544
40834551
40835723
40839570
40840707
40841222
40841246
40844484
40846175
40849028
40855190
40857303
40857706
40858347
40859276
40863665
40863985
40864570
40866259
40873443
40874995
40879246
40880850
40881737
40881836
40882500
40885038
40885534
40885865
40885890
40886879
40887124
40887979
40890518
40891317
40891701
40892891
40893057
40893637
40895904
40900354
40904190
40904294
40906250
40906494
40907853
40909918
40914341
40914457
40917106
40922362
40925394
40928476
40933643
40933729
40940611
40945343
40946278
40948658
40949761
40951593
40956639
40958789
40962237
40965033
40969218
40969923
40972153
40972410
40972580
40976003
40976208
40976746
40977340
40978992
40979840
40984014
40985067
40985687
40985747
40986140
40987431
40988795
40990887
40991684
40997286
40997993
40998537
41004146
41006792
41008258
41008303
41009300
41013187
41014290
41016759
41018184
41018240
41018243
41018296
41024196
41024204
41025195
41025750
41027337
41029171
41030490
41031649
41037107
41039014
41050643
41052135
41054039
41054576
41057956
41060014
41063759
41064700
41065250
41065757
41066056
41067466
41068733
41070566
41070628
41070815
41072637
41074651
41074653
41075412
41076733
41079366
41081761
41082215
41082832
41083538
41085527
41088235
41088875
41090031
41092935
41096699
41104355
41106585
41109459
41111971
41113073
41113081
41114075
41123198
41124977
41127299
41129324
41130973
41133636
41141396
41144714
41144806
41145084
41145298
41146011
41148761
41151100
41154125
41159198
41160110
41163214
41163224
41164409
41167073
41167576
41169639
41170758
41172364
41174915
41175176
41175610
41177345
41180774
41181155
41182259
41183293
41185588
41187417
41188080
41188343
41188649
41190887
41193023
41194319
41195257
41196106
41197565
41198436
41198756
41199102
41200512
41204711
41205772
41208129
41208242
41211285
41213664
41215607
41217486
41217916
41218082
41218682
41219780
41219842
41220441
41221692
41222433
41223390
41224117
41232133
41234937
41236850
41240878
41242970
41244151
41247890
41248185
41250860
41252010
41256538
41257979
41260253
41261994
41263122
41268819
41269013
41269098
41269437
41271473
41275041
41275087
41275588
41275665
41281344
41281547
41284957
41285580
41285808
41291147
41292335
41297432
41298726
41305188
41306427
41309024
41310801
41313131
41313900
41316458
41322890
41323171
41325330
41327317
41328650
41328879
41331652
41335698
41335758
41335923
41335996
41336140
41336268
41336272
41336584
41341544
41342721
41349437
41351188
41355109
41364869
41365989
41370588
41371332
41371506
41376416
41378716
41378722
41380590
41382177
41383303
41386561
41389121
41391078
41394940
41394963
41398279
41400936
41401951
41401968
41402104
41404296
41404382
41405221
41410368
41411604
41412410
41413261
41414998
41416912
41417175
41418494
41419333
41419503
41420153
41421122
41421502
41422469
41422635
41424639
41426413
41426449
41428817
41428880
41429311
41431337
41432701
41439785
41440102
41442057
41442498
41443217
41443577
41445613
41451652
41451954
41452925
41453650
41454790
41457647
41457999
41458852
41459422
41459497
41459894
41467584
41468149
41468169
41469588
41475568
41476288
41476933
41479142
41479181
41479954
41482344
41484601
41487810
41488324
41490165
41499248
41499864
41502275
41503991
41509362
41512807
41512985
41513662
41518233
41519196
41523181
41530769
41531673
41531926
41532217
41540310
41541079
41542998
41545226
41548718
41548827
41549269
41551277
41554266
41567423
41567542
41569646
41570780
41578137
41578346
41578550
41578743
41578755
41581018
41586417
41588553
41588964
41589756
41592718
41603294
41611012
41616577
41616765
41621351
41621484
41628627
41630332
41634794
41635699
41636547
41642347
41643101
41644597
41645048
41646547
41647493
41650217
41651098
41654211
41656193
41658381
41661561
41662002
41664124
41665893
41666131
41668575
41669954
41671576
41673381
41674410
41674422
41674996
41676299
41682836
41684732
41688113
41688128
41688498
41689664
41692816
41694384
41694957
41697927
41700262
41706207
41712842
41714857
41718503
